image_id,quality_score
000c1434d8d7,0.7383100390434265
001639a390f0,0.08151483535766602
0024cdab0c1e,0.8774805665016174
002c21358ce6,0.0006718413205817342
005b95c28852,0.8705305457115173
0083ee8054ee,0.005580403376370668
0097f532ac9f,0.25809651613235474
00a8624548a9,0.20739494264125824
00b74780d31d,0.9959814548492432
00cb6555d108,0.011251571588218212
00cc2b75cddd,0.0027422967832535505
00e4ddff966a,0.0001912278967211023
00f6c1be5a33,0.005445733200758696
0104b032c141,0.010390236973762512
0124dffecf29,0.009527569636702538
0125fbd2e791,0.0018195923184975982
012a242ac6ff,0.275224506855011
014508ccb9cb,0.6507807374000549
0151781fe50b,0.9440957307815552
0161338f53cc,0.0036225628573447466
0180bfa26c0b,0.9955078363418579
0182152c50de,0.16251589357852936
01b3aed3ed4c,0.00874108262360096
01c7808d901d,0.9456053376197815
01d9477b1171,0.21695618331432343
01eb826f6467,0.0013274898519739509
01f7bb8be950,0.10711558163166046
0212dd31f623,0.003987450152635574
022f820027b8,0.6588337421417236
0231642cf1c2,0.4533432424068451
0232dfea7547,0.0033354132901877165
02358b47ea89,0.0014320812188088894
0243404e8a00,0.34420302510261536
025a169a0bb0,0.022894596680998802
02685f13cefd,0.9444758892059326
026dcd9af143,0.9020330905914307
02cd34a85b24,2.624557600938715e-05
02da652c74b8,0.056587014347314835
02dda30d3acf,0.035151541233062744
0304bedad8fe,0.0008559569250792265
0318598cfd16,0.032623276114463806
032d7b0b4bf6,0.8521679043769836
033f2b43de6d,0.9969154596328735
034cb07a550f,0.8635157942771912
03676c71ed1b,0.0003923162294086069
0369f3efe69b,0.045727867633104324
03747397839f,0.8822764754295349
03a7f4a5786f,0.00605654576793313
03b373718013,0.003438721178099513
03c85870824c,0.04094197601079941
03e25101e8e8,0.19394806027412415
03fd50da928d,0.14586584270000458
03ff7d159f10,0.318640798330307
0415fc68b176,0.9825259447097778
041f09eec1e8,0.0130795668810606
0423237770a7,0.0026395292952656746
042470a92154,0.12600912153720856
04579e31e4be,0.0005476496298797429
04a6fc58dabc,0.015025152824819088
04ac765f91a1,0.0007423603674396873
04aef84a2cc1,0.9504503011703491
04d029cfb612,0.0019579848740249872
04efb1a284cc,0.0004510554135777056
050bb1eafa76,0.5183688998222351
05113073b268,0.015481065958738327
05195a3db5e2,0.23748303949832916
0519b934f6b1,0.21656402945518494
052d9a3fe55a,0.9129391312599182
05339950962e,0.003610660322010517
054b1b305160,0.009536869823932648
0551676cc2aa,0.4601205289363861
059bc89df7f4,0.06098230928182602
05a5183c92d0,0.015874536707997322
05b1bb2bdb81,0.19658580422401428
05cd0178ccfe,0.029601145535707474
05e9126dfa5c,0.000238250067923218
06024377d573,0.004825497977435589
060e00d1e2ab,0.9497439861297607
064af6592ba6,0.6981742978096008
06586082a24d,0.798795759677887
0684311afdfc,0.07680803537368774
069f43616fab,0.6670606732368469
06b71823f9cd,0.9397611618041992
06be1092a062,0.5586058497428894
07083738b75e,0.201372429728508
0709652336e2,0.2231733649969101
070d4ce5fd90,0.01972898654639721
070f67572d03,0.662331223487854
07122e268a1d,0.9414780735969543
071435a218ec,0.022315993905067444
07419eddd6be,0.4148992598056793
07596907347b,0.07749069482088089
0773a1c326ad,0.9805498719215393
07751b94a88a,0.0005206683417782187
0790515cf5af,0.02529401145875454
07929d32b5b3,0.16672131419181824
07a0be6b347f,0.00734202703461051
07a0e34c8d20,0.7453996539115906
07a1c7073982,0.3864927589893341
07a2b8cabf6b,2.971899084514007e-05
07a3be30563b,0.21395860612392426
07d8db76b301,0.08292423188686371
07e827469099,0.9910858273506165
07f5d7baf907,0.001199866645038128
08037e4490e5,0.5226232409477234
080ee76c958c,0.2683729827404022
080f66eedfb9,0.022466152906417847
084c02cf077f,0.8883730173110962
0851d6a69589,0.002538606757298112
086d41d17da8,0.003902513300999999
08752092140d,0.14229853451251984
08a3875063c3,0.5643032193183899
08b6e3240858,0.2627273499965668
08bef347f40d,0.0004093012830708176
08c17a2d95b7,0.2639947533607483
08c60c647673,0.1651085764169693
08ee569d4721,0.0070428065955638885
08f8838d69bb,3.342785930726677e-05
09237bf783a4,0.001779190730303526
0924cec998fa,0.9903637766838074
093a42649c29,0.02368135191500187
093cf723fede,0.03279596194624901
094858f005ab,0.9368013143539429
0953c0ac1735,0.10583043843507767
096436d68d06,0.6378722190856934
09662e462531,0.8252776265144348
0981195eb9fb,0.9569083452224731
099021fac3c9,0.24668766558170319
09934421c79e,0.5490916967391968
09935d72892b,0.3110581636428833
09c8323c612e,0.0032110598403960466
09eeafa9656a,0.18256376683712006
09f1111a388a,0.8844459652900696
09f6ab477654,0.04515717178583145
0a09aa7356c0,0.10069780796766281
0a1076183736,0.08558391779661179
0a3202889f4d,0.6466209292411804
0a38b552372d,3.5371969715924934e-05
0a4e1a29ffff,0.003014423418790102
0a61bddab956,0.023791564628481865
0a74c92e287c,0.840031623840332
0a85a1e8f9e9,0.029865002259612083
0a902c80d5da,0.009067496284842491
0a9ec1e99ce4,0.7143183946609497
0abf0c485f66,0.0876907929778099
0ac436400db4,0.061298564076423645
0ad7f631dedb,0.004695999901741743
0ada12c0e78f,0.9504549503326416
0ae2dd2e09ea,0.06727536767721176
0af296d2f04a,0.0004578118387144059
0afbeeef0ff7,0.006149117834866047
0afdfe5f422c,0.021909188479185104
0b00f8a77510,0.014973647892475128
0b2ea8f268cf,0.03364190831780434
0b3efe669365,0.2997434735298157
0b64a0a06f9a,0.00019299829727970064
0b8bdec9d869,0.7402558922767639
0babc12807b2,0.09413748979568481
0bf37ca3156a,0.7130425572395325
0c2e2369dfff,0.9326202869415283
0c38940e1f80,0.8269432187080383
0c43c79e8cfb,0.016400815919041634
0c55d58bebaf,0.209059938788414
0c76fd494af6,0.2102779746055603
0c7e82daf5a0,0.012307079508900642
0c917c372572,0.0629245787858963
0ca0aee4d57e,0.5277676582336426
0cae727cf119,0.8455169796943665
0cb14014117d,0.9405240416526794
0cb6b898389f,0.9269920587539673
0cbcc7b23613,0.6886459589004517
0cd31078cd08,0.643180251121521
0ce062f26edc,0.0012301414972171187
0ceb222f6629,0.805216908454895
0cecc2864b7f,0.03777226060628891
0d0a21fd354f,0.640572190284729
0d0b8fc9ab5c,0.8881170153617859
0d310aba6373,0.20142562687397003
0d744aed4d64,0.00032493824255652726
0d8f60ed9280,0.9100381731987
0d9a9896f801,0.0026283208280801773
0da09e3ce8f1,0.02167568914592266
0da321efbce6,0.17402277886867523
0da632ca45e0,0.6543245315551758
0daddc45d832,0.001802911632694304
0db1d8dcf219,0.699866533279419
0dbaa09a458c,0.00025821360759437084
0dbe6c26cedc,0.7813294529914856
0dc031c94225,0.0002731447748374194
0dc8d25b3f69,0.03242763876914978
0dce95217626,0.0007425832445733249
0e0003ddd8df,0.0005108762416057289
0e0fc1d9810c,0.6274582743644714
0e3572b5884a,0.0001263719896087423
0e43c8298fc0,0.5498190522193909
0e75d51152fc,0.011689439415931702
0e82bcacc475,0.8850327730178833
0e94cd271c00,3.2951204048004e-05
0eb52045349f,0.015100529417395592
0eced86c9db8,0.017836321145296097
0edadb2aa127,0.020227711647748947
0ef4c61dc056,0.010061938315629959
0efc93ec838b,0.05341986194252968
0eff8eacb2f7,0.029114721342921257
0f364b7d4384,0.4561616778373718
0f495d87656a,0.0032815912272781134
0f6e645466a2,0.13864892721176147
0f882877bf13,0.5227676630020142
0f96c358a250,0.0075449091382324696
0fb1053285cf,0.02881232649087906
0fb560f9adb2,0.9760520458221436
0fbbd665431f,0.2659628391265869
0fc6829da85b,0.8804639577865601
0fcfc6301f3d,0.15334586799144745
0fd16b64697e,0.007207198068499565
0fe31196e0e8,8.23178343125619e-05
0fffa73e2402,0.047196414321660995
1002b5151b8e,0.6323193907737732
1002f3fe38f0,0.00034684414276853204
1006345f70b7,0.003212962532415986
101b9ebfc720,0.0666511282324791
103abbd8b63e,0.27582255005836487
103f97a2ab15,0.5891183614730835
107aea0d9289,0.027142494916915894
10a5026eb8e6,0.984930157661438
10bf25731c08,0.0007471310091204941
10de500cf0c5,0.2489880621433258
10ecc5292ab1,0.6644266247749329
10eefba568dd,0.07116921246051788
10f10fd30718,0.009673500433564186
10f36b0239fb,0.004705119878053665
10f6ef37fe43,9.219991625286639e-05
10fca1abf338,0.8669412732124329
1116271db4ea,0.005210731644183397
111898ab463d,0.08634226769208908
1120f6d08d95,0.06493224203586578
11242a67122d,0.020187661051750183
1124ffcd76c2,0.9284089803695679
115e42dd6a81,0.3439532518386841
1177d583c807,0.07791131734848022
11b220a397b8,0.42014360427856445
11b5c77fbf79,0.10347291082143784
11d8e5eaee5b,0.0002567314077168703
12025b34deb8,0.8595059514045715
12058bbb8299,0.006859871558845043
1269ab57c2e6,0.08164040744304657
12a82fc7d73e,0.18210972845554352
12ab2f6397f0,0.014281450770795345
12ae44be0d38,0.16618600487709045
12b57dac703e,0.4313652813434601
12bc439d373a,0.001388741540722549
12ce6a1a1f31,0.07241958379745483
12e3f5f2cb17,0.4545997381210327
12e6e66c80a7,0.007244880776852369
12ef75375322,0.32798826694488525
13063d1bc4ea,0.9758167862892151
13073f075a56,0.011257492937147617
135575dc57c9,0.7829466462135315
13ab8db8c700,0.0903058648109436
13c191b59ed0,0.9662947654724121
13d014ccd136,0.0003430853539612144
13d411c85ffd,0.00011975445522693917
13d71389563f,0.07105332612991333
1409ab48175a,0.0014843520475551486
1411c8ab7161,0.017893968150019646
1414128bead0,0.3641560673713684
141735b57ec0,0.0032218657433986664
1438288bb2e1,0.8978812098503113
143db89c11c8,0.002308072755113244
144a1a426137,0.0061811101622879505
144b01e7b993,0.16973048448562622
14515b8f19b6,0.007407671771943569
14c3b41d289c,0.003627450903877616
14e3f84445f7,0.5526821613311768
14ee87d6cc42,0.005097406450659037
1509d097b69a,0.01193707063794136
150f92b45349,0.0009350432665087283
150fc7127582,0.0005235867574810982
152db3de8120,0.7271450757980347
1541226c5d72,0.013100959360599518
15528e740543,0.014364097267389297
155e2df6bfcf,6.058568033040501e-05
157d17349cc6,0.0030749342404305935
1594ca6c30d3,0.05406586453318596
15b21c80cc31,0.011987760663032532
15bed5adde74,0.9611911177635193
15c24478ac72,0.007721449248492718
15cc2aef772a,0.4462105631828308
15cd5f52d300,0.0010385627392679453
15e24b73d4a7,0.002097007120028138
15e96e848b46,0.050838030874729156
15f440753916,0.17710822820663452
15f8d769935c,0.00019530377176124603
1601c939412f,0.00022760516731068492
16060f05d047,0.0010932256700471044
1608c82a263f,0.045031625777482986
1623e8e3adc4,0.0881878212094307
1632c4311fc9,0.0010441701160743833
1633f8291a80,0.16524964570999146
1638404f385c,0.22421908378601074
164cd5a3a6cd,0.8018697500228882
165634a6167e,0.1193881705403328
165c548185f8,0.0003111392434220761
165cd2070ebd,0.9818511009216309
166068a24416,0.03507550060749054
16ce555748d8,0.22224362194538116
17188c13e635,0.45185813307762146
172df1330a60,0.31726908683776855
174db0854291,0.0007441460038535297
175dd560810a,0.0860527977347374
1782142e17d9,0.0005966306780464947
178412895d5e,0.08409006893634796
17d7d6b092f4,0.742180347442627
17d997fe1090,0.7528290152549744
17e6116b89b3,0.0005099793197587132
17eb5d4ad740,0.04894619807600975
17eff993386f,0.016054928302764893
17f6c7072f61,0.00047770520905032754
180afe1d5ef7,0.9485714435577393
18323d8f2470,0.06386398524045944
1844a039b4ea,0.0051431478932499886
184a185e7447,0.3884012699127197
18621b9ca978,0.5009125471115112
1864d3411143,0.918513834476471
186c1835eec5,0.14736631512641907
187f6ccda87a,0.008509693667292595
188219f2d9c6,0.28116482496261597
188a9323be03,0.00322565040551126
1891698febce,0.7110846042633057
189cbbc9e5e3,0.11423075944185257
18af532e7e1e,0.5838998556137085
18b06f56ab27,0.0003694018523674458
18b7e34eab8f,0.012527378275990486
18b99159a14f,0.0030266293324530125
18cde9649e90,0.7089760303497314
18ce0cdc473d,0.0037003960460424423
18d8fdb140b7,0.20986521244049072
18f1f979d30d,0.8891259431838989
190a309f2cc5,0.9586783647537231
19113e5f45ec,0.08649490028619766
191348830ddf,0.25895750522613525
191a711852bd,0.15964078903198242
191cf5668f33,0.026340126991271973
19244004583f,0.9624810814857483
1943983492e5,0.017036674544215202
194814669fee,0.1350606083869934
19545647508e,0.00019320617138873786
1968183f0e61,0.008555576205253601
196e6a186452,0.6029250025749207
19722bff5a09,0.027956470847129822
197af0de76e2,0.0020953502971678972
19b0e3c734f5,0.010915410704910755
19e350c7c83c,0.027956470847129822
19ef4d292196,0.46204954385757446
1a03a7970337,0.3137158453464508
1a0dbc6c0cda,0.0069924755953252316
1a19f2ef4472,0.41519755125045776
1a1b4b2450ca,0.00699721509590745
1a1e974a7dbf,0.000562155619263649
1a369baf9ee6,0.010127084329724312
1a7e3356b39c,0.5993643999099731
1a90fad9ffa2,1.2780708857462741e-05
1ab3f1c71a5f,0.01725538820028305
1ab8d3431ffc,0.0016861982876434922
1ade1e949383,0.0012232797453179955
1ae3c58759fb,6.134551949799061e-05
1ae8c165fd53,0.1900397390127182
1b329a127307,0.7671269178390503
1b32e1d775ea,0.9045164585113525
1b3647865779,0.07908686250448227
1b398c0494d1,0.0005386192351579666
1b4625877527,0.26815515756607056
1b495ac025b7,0.6805490851402283
1b862fb6f65d,5.9874964790651575e-05
1b8701231c8f,0.27291199564933777
1b8ad0afe9fb,0.056273918598890305
1bb0ddfe753a,0.012621847912669182
1bea04b2bb2d,0.3320102393627167
1bf30c84bbad,0.9621441960334778
1c0cf251b426,0.021302733570337296
1c0e5dd1b14c,0.009494705125689507
1c13a1483f4a,0.00014364889648277313
1c3a6b4449e9,0.2582767605781555
1c47815f4a6b,0.16406922042369843
1c4d87baaffc,0.5702323913574219
1c4f3aa4df06,0.0706150010228157
1c578b72d7b3,0.2838873565196991
1c5ad36fb799,0.44806644320487976
1c5e6cdc7ee1,0.004520075861364603
1c6d119c3d70,0.3820728361606598
1c7a013eeba7,0.00021336448844522238
1c9521878baf,0.00019197801884729415
1c9c583c10bf,0.00021267798729240894
1ca35d483772,0.016272101551294327
1ca62b3e4fd3,0.5533958077430725
1ca91751be4d,0.0024724737741053104
1caba2fb38f6,0.010856765322387218
1cb6961d141c,0.10525774955749512
1cb814ed6332,0.10184893012046814
1cc58b15f466,0.07724575698375702
1d0b93317aa8,0.7002596259117126
1d11794057ff,0.04402374476194382
1d14dd912671,0.47500577569007874
1d2472849dce,6.077605576138012e-05
1d29cb2f4296,0.12855222821235657
1d37f1c8b6d8,0.061610206961631775
1d3e9b939732,6.544397183461115e-05
1d46f1326394,0.0019514833111315966
1d55e689cf84,0.0916995108127594
1d674e2e32e0,0.19919909536838531
1d74c4713e21,0.5289471745491028
1da25637859b,0.0024576180148869753
1da4a17c18c9,0.0010428340174257755
1db0393cdbc1,0.01982949487864971
1db18bdd43aa,0.8192766308784485
1db6bb46c102,0.0007325647748075426
1dbdc32c17db,0.026474302634596825
1dd9adcbfff4,0.00011445499694673344
1df0431bfa73,0.803571343421936
1df0a4c23c95,0.9964679479598999
1df1530b9b8d,4.276810068404302e-05
1df3e03a8f5f,0.002096715848892927
1dfbede13143,0.0085705341771245
1dfe599d12a9,0.767594575881958
1e036f2e7095,0.5570930242538452
1e143fa3de57,0.16973048448562622
1e1fb019710d,0.0008998831617645919
1e4650743fa2,0.01006095577031374
1e4b3b823b95,0.2951778471469879
1e742358e0b9,0.11243275552988052
1e7ccd4a1c87,0.013082588091492653
1e8a1fdee5b9,0.7826784253120422
1e8c31e29dd3,0.003930059261620045
1e9224ccca95,0.001220632460899651
1ec95179cdfe,0.0037804115563631058
1ee1eb7943db,0.022688832134008408
1ee355480567,0.9504761695861816
1eee55494271,0.9951404333114624
1efa5d443707,0.12480251491069794
1f07dae3cadb,0.275224506855011
1f0e223b8055,0.056055948138237
1f15ca672675,0.9915600419044495
1f31701dd61b,0.9569262862205505
1f3f32efaf20,0.0016921672504395247
1f4bf8e28b41,0.574806272983551
1f4fb37e0854,0.0009874212555587292
1f543a86c4d4,0.9737465977668762
1f5496352859,0.09649517387151718
1f63d44d9e3c,0.3813891112804413
1f9ccda4ddf2,0.0700417309999466
1faf8664816c,0.5126199722290039
1fb455685328,0.002287947805598378
1fd5d860d4d7,0.0015009471680969
1fddd7c98fd2,0.34505388140678406
1ffaa51a6245,0.36470165848731995
200d947f75db,0.0005478151724673808
2017cd92c63d,0.852719783782959
201f6e10c108,0.006812691688537598
201f882365d3,0.007169641554355621
203275daf46d,0.0005169280921109021
20404ec7b518,0.007522704545408487
20688cb25704,0.0016529251588508487
207a580de0ea,0.0024355114437639713
207dd0487264,0.0008622091845609248
20c883d3bd38,0.06776163727045059
20d5fdd450ae,0.9647995829582214
20f86e068276,0.1458204835653305
21037f5c7790,0.42907488346099854
210bfe0127c6,0.028050310909748077
211518c46162,0.0018450419884175062
2131aa3a1e6f,0.9106467962265015
215d2b7c3fde,0.7331894040107727
217dad18a5ed,0.5563768148422241
218c822a3dd9,4.45246696472168e-05
21abd36095a1,0.550736665725708
21d18b022429,0.04378988593816757
22098b1fe461,0.12099595367908478
2209daf71aab,0.04027635231614113
2221cf5c7935,0.05677466467022896
222d0ac042b4,0.9966781139373779
222f3ee3a1e8,0.9813694953918457
22325552a4e3,0.0008058425737544894
2241b7e90782,0.12709197402000427
22449af52060,0.0010410372633486986
224bb938e2dd,0.0019130981527268887
224c14366e11,0.004334848839789629
226c6ceb9185,0.7358282208442688
22895c89792f,0.01570006087422371
22a6da005395,0.007855484262108803
22ce8ef69357,0.016689851880073547
22d843b2bbd1,0.6668758988380432
23148a40ecb0,0.06426557898521423
23175b7ef453,0.27028772234916687
232549883508,0.14633528888225555
233d948e2544,0.5335367918014526
234399352d36,0.011241200380027294
236f56771ec6,0.5913614630699158
2376e5415458,4.534166873781942e-05
237aa50edc34,0.19205042719841003
237c078d00fc,0.02825149893760681
2399d68d407f,0.9518774747848511
239f2c348ea4,0.9922228455543518
23d7ca170bdb,0.003743554698303342
23fca0693e2a,0.00014708872186020017
2408799a09b2,0.0009139638277702034
240b25a7debe,0.27214479446411133
242fc19be06f,3.0029979825485498e-05
2463bb04ebc3,0.0004837381711695343
246e4506824a,0.2347484678030014
247ac63e5510,0.10530345886945724
247e98aba610,0.7028067111968994
248139c423c4,0.8204345107078552
248dec89b3a2,0.0846090167760849
24b87f744598,0.05825994536280632
24b943fe725e,0.31723904609680176
24de56d433cd,0.0003327438316773623
24f271c87e73,0.14000354707241058
24f3e70f0419,0.6165239810943604
25002fe43f92,0.0223566684871912
252305189b3a,2.1148326823094976e-07
2532613a584a,0.0014643736649304628
253e96488cfb,0.8069384694099426
254052cf3e48,0.013181500136852264
2585bbc91909,0.29790106415748596
259d30f693b6,0.00010456162999616936
25a0a1e41afd,0.015381040051579475
25b0e72705a8,0.8196489810943604
25b4080f598b,0.9144911170005798
25d069089c5e,0.06663396954536438
25dc1b41ed9c,0.0019998366478830576
25e9fd872182,0.00028335905517451465
2608e1dac5b1,0.560178279876709
260a455692b5,0.8058382868766785
261c6bd63bff,0.1030326709151268
2628305cbb29,0.011078596115112305
262ad704319c,0.03222272917628288
263d8851e33b,0.5782952308654785
26453eb7e989,0.0055242800153791904
26463a5fb949,0.9837409257888794
2665f72e2dd3,0.429900199174881
266fbefa58fb,0.0002894449280574918
2682e6da9050,0.5352206230163574
26999ebc21de,0.14576517045497894
269b44e628eb,0.9772826433181763
269f0792f11f,0.4204230010509491
26cd40b57ad1,0.001391389174386859
26d60db3bbfd,0.46608635783195496
26d9576e8043,0.12052010744810104
26e231747848,0.5646849274635315
26fc2358a38d,0.001989471958950162
2700754f71e9,0.003952136263251305
272d9c043c81,0.012616174295544624
2735be026d44,0.2947686016559601
274f4de2a59d,0.0008457200019620359
274f5029189b,0.2952542006969452
276b14f72328,0.8082647323608398
2776d70724d3,0.04498831555247307
278aa860dffd,0.01790141873061657
27933cdbe0cc,0.0490717887878418
27b68863349f,0.012603431940078735
27bab1432f61,0.8862448334693909
27e2be850a99,0.06671451777219772
27e4c800a449,0.05449293553829193
27f82ada84ac,0.09389355778694153
27fca9f12b3c,0.006948123686015606
281d7b7c7676,0.46467405557632446
2821998fc002,0.02236461453139782
282bc792d23a,0.0002299219777341932
283c3aeba594,0.0651196762919426
28503940d10b,0.07755691558122635
286e9981dd9b,0.2559787333011627
28751f290ba3,0.004411421716213226
28824d12d31d,0.00410675723105669
289a47dcbb82,0.15048477053642273
28a4d00927b7,0.9863720536231995
28dc010a0780,0.0010170082096010447
28f73575e1f2,0.7055701017379761
28f93cad89c5,0.006548409815877676
28f98cfe3858,0.05702516436576843
290ecdba359f,0.0025308297481387854
29192375ab1b,0.00012573660933412611
291e2ff3d834,0.5025186538696289
291f581d365e,0.2871799170970917
2923971566fe,0.5966848731040955
2927665214e1,4.6689841838087887e-05
29580bed2f7d,0.258883535861969
295fdc964f6e,0.020425500348210335
2967e578939f,0.9469117522239685
2974c6ad1d58,0.020154835656285286
299086c6d1b5,0.4962918758392334
2994f17f58a5,0.09086877852678299
29a13e666266,0.04701641574501991
29b52f64d2db,0.3159222900867462
29bc0e721cfe,0.22120144963264465
29d059522fa1,6.342141568893567e-05
29f44aea93a4,0.10085678845643997
29f9e1ac9507,0.22262904047966003
2a08ed6bbcbc,0.16746805608272552
2a099b247b10,0.00610059080645442
2a2274bcb00a,0.09763270616531372
2a2a6435f7f3,8.459118544124067e-05
2a3378bcfbcc,0.9743618965148926
2a3a1ed1c285,0.3645254373550415
2a4520f1f9a3,0.00016393970872741193
2a47e5b21791,0.21207095682621002
2a5a8b744f08,7.298604032257572e-05
2a7373eeb352,0.002138434909284115
2a8a9e957a6c,0.7347817420959473
2a93334f663a,0.010078533552587032
2af1bf226f51,0.2455376535654068
2b074afdf626,0.002469221828505397
2b07790a2422,0.6096625328063965
2b10f138e67d,0.28087472915649414
2b21d293fdf2,0.3645254373550415
2b2f5a0f880d,0.20721131563186646
2b3a4a81d748,0.005077324341982603
2b48daf24be0,0.001919200993143022
2b4c7b5f1f1e,0.17510847747325897
2b5bb6d33959,0.45777493715286255
2b88cb6e31cd,0.03207695111632347
2ba0b0d9bda2,0.003447361523285508
2bb063318cf1,0.010851013474166393
2bb3c492d6d3,0.8895460963249207
2bbcfdc477db,0.43176764249801636
2bbd1f99ecc3,0.04031744226813316
2bd4d4fbed5c,0.0011998002883046865
2c1d5be654dd,0.11247698217630386
2c2aa057afc5,0.7829466462135315
2c77bf969079,0.9464027285575867
2c8101f14723,0.1871415674686432
2c827005b8f8,0.0003970776160713285
2c9dfc270f1b,0.003451649798080325
2cacdb0dffae,0.00037626802804879844
2cbfc6182ba2,0.04432589188218117
2cceb07ff706,0.029090488329529762
2cdcc910778d,0.8049535751342773
2cef97083e6f,0.8372568488121033
2cf18033da31,0.051551081240177155
2cfe8703f265,0.015083846636116505
2d04cead4d3a,0.3186149001121521
2d07162a13b1,0.9013997316360474
2d3f4094c08a,0.05030253902077675
2d552318eb07,0.9698168039321899
2d558de2cabe,0.7170047163963318
2d7666b8884f,0.01133328303694725
2d870833c0c9,0.0060739521868526936
2d9d97a6e713,0.6099376082420349
2da82d14e1b7,0.1178058385848999
2db0cd3e30da,0.17386437952518463
2dc647e00ad3,0.9024246335029602
2dd28ac497d2,0.0005902596167288721
2df07eb5779f,0.033883802592754364
2e26762daed5,0.9518314003944397
2e79041ef722,0.9918638467788696
2eba4279e503,0.010954730212688446
2ecbc2e3f239,0.011044043116271496
2ef10194e80d,0.7859637141227722
2ef4a04aed1b,2.1219198970356956e-05
2ef955d6d9ff,0.8157690763473511
2f143453bb71,0.009379133582115173
2f284b6a1940,0.09655650705099106
2f2e1949ad56,0.000891831296030432
2f42e20db938,0.6409270167350769
2f4e81787d9b,0.008856568485498428
2f5c9cdfb333,0.0026316114235669374
2f7789c1e046,0.1478111743927002
2f7fbdcc9a4b,0.3191273510456085
2f81ee5f2926,0.024670366197824478
2f8d14a7d390,0.9096447825431824
2f9b66784109,0.013198797591030598
2fb3a8606a77,0.08494780212640762
2fde69f20585,0.9970406889915466
2fdfb80ea53c,0.16760869324207306
2fdffb6160a6,0.06994519382715225
2fe06bedb2c4,0.012346131727099419
2fefb720869a,0.8904739022254944
300305ce82d2,0.17719998955726624
30263a7d5609,0.9724915623664856
302bcdb635ff,0.0006349490722641349
3044022c6969,0.0007423603674396873
306c841af3fc,0.013365884311497211
3079490a4b9c,0.21094676852226257
308f7fce6f0d,0.5813465118408203
30941b65348b,0.005922278389334679
30cab14951ac,0.09835674613714218
30db694bee42,0.6758896708488464
310c27067ac0,0.12851162254810333
312694ea8e6a,0.2427230179309845
3128eb593012,0.9881702661514282
3132556f5352,0.0005951630300842226
31360e44ac64,0.009827971458435059
31452ad8808c,0.0035153913777321577
314862758acf,0.16074779629707336
315c1a0d87fd,0.0051800766959786415
31616ff6b53b,0.12652094662189484
3178559fbf57,0.04370800033211708
318eb706a134,0.3828844428062439
31b5d6fb0256,0.03228117153048515
31cb39681f6a,0.009666326455771923
3206171db5be,0.006726174149662256
3218a6d8eb2c,0.01879444345831871
3232b34cbe99,0.0011760909110307693
3246f07e65b4,0.9433817267417908
3254e48c8aa0,7.838629244361073e-05
3286073a976e,0.08692704886198044
328d141ed3aa,0.00046834436943754554
32a3eb37ff40,0.00014557941176462919
32d7d360d891,0.004774877801537514
32ed318235b8,0.03529130667448044
33105f9b3a04,0.08634226769208908
331121c65e88,0.08235407620668411
331b87d1b9d1,0.2289847880601883
3323fd59782e,0.02793770283460617
3325b1fe55d2,0.14028969407081604
33596a635b53,0.017714818939566612
33778d136069,8.01586065790616e-05
338326891d84,0.06145158037543297
33b893e18eb3,0.0510220043361187
33b91def2035,0.6957429647445679
33b978734eab,0.2732398211956024
33d72035c27a,0.9932130575180054
33e7bf536fc5,0.6802349090576172
33e8e26a75d4,0.08129243552684784
33ffddea8c6e,0.00031017104629427195
3402124408ea,0.0006535520078614354
3428230bf1bd,0.4523819386959076
342edf9b889d,0.006107817869633436
3435fd8675a2,0.024725111201405525
345b1f0abbba,0.0030413693748414516
3461dc601cc2,0.27273833751678467
34723fae6475,0.0388159342110157
348598d01e18,0.02280297689139843
3486f7096276,0.9254316091537476
349f3c0ac83e,0.8802617788314819
34a7dbd3f05c,0.5961911082267761
34acae864963,0.12187126278877258
351e842842a2,0.5999617576599121
352e4a939242,0.2129669487476349
35362d43e753,0.005501428619027138
354b8911d6ed,0.16661517322063446
356304d15a5c,0.007279322948306799
35777eb7859d,0.022304518148303032
357f02a779d7,0.18821221590042114
3580a545016d,0.0011711394181475043
358d2224de73,0.005522279068827629
3599029efeb3,0.022617390379309654
359bab5d784b,1.3340136320039164e-05
35aa7f5c2ec0,0.5702323913574219
35ac70c0d08f,1.0062016372103244e-05
35beb47fe159,0.0020097268279641867
35cd9832fc0a,0.0014655048726126552
35d6c4c50072,0.9637249708175659
35df2bc6ae95,0.0014413251774385571
3601dac9bed7,0.061050184071063995
36041171f441,0.025405824184417725
360832d84ce0,0.8282605409622192
362c4a96cebb,0.07613600045442581
365f8c01d994,0.05612557381391525
36677b70b1ef,0.004657227545976639
367c7049929c,0.00010219796968158334
36865bbc64d6,0.6552828550338745
369229040a34,0.028856175020337105
3694e8c8e09a,0.08196801692247391
36a1e3c780a0,0.042870596051216125
36b5b3c9fb32,0.10315866023302078
36e4b704b905,0.0026507729198783636
36ec36c301c1,0.5646849274635315
370f575adb23,0.00016184027481358498
3710ff45299c,0.0004959115758538246
3730c322d35b,0.04253663867712021
3732de8b416f,0.0022176546044647694
374535e0adb8,0.16435348987579346
3748349334f6,0.3710770308971405
378963f9df22,0.006434309761971235
3796af4d987a,0.8267775177955627
37c4dfe03aba,0.33661699295043945
37c523296d42,1.542284917377401e-05
37de05ef12a5,0.7496917247772217
38055d8b9f08,0.46371233463287354
3810040096cb,0.0018475163960829377
3823acc4e464,0.9507061243057251
382752f6694a,0.06224667280912399
38373431d996,0.2351810485124588
383e72af1955,0.03202904760837555
384631079d1e,0.029024340212345123
38487e1a5b1f,0.6555995941162109
384db24ebbd7,0.0461789146065712
384e6c915722,0.33960962295532227
387138ddf43d,0.8378720879554749
388279491b5d,0.017708390951156616
388f12e8df0b,0.12432366609573364
389552047476,0.002277012914419174
38b9bb961847,0.10959284007549286
38c7153457e2,1.9098404663964175e-05
38e0e28d35d3,0.004268917255103588
38e111cac46f,0.1674930900335312
38f1901f214a,0.017142001539468765
38fe9f854046,0.0085705341771245
3908b3cfd620,2.1817160813952796e-05
39134907127a,0.14496511220932007
393fa5a023a5,0.048795074224472046
39923b29988a,0.0032489688601344824
39aa3cd93c50,0.5145764946937561
39b5b05d6cd9,0.11732460558414459
39f8935185e6,5.661879640683765e-06
39fd8ef3a45c,0.00658448226749897
3a122851e526,0.0012550855753943324
3a1d3ce00f0c,0.11404647678136826
3a1ecf5e2839,0.051078714430332184
3a4cfea0a766,2.6425093892612495e-05
3a61e690f4bb,0.14252899587154388
3a643599f852,0.23524110019207
3a6e9730b298,0.9918197393417358
3aa2b1ce6700,0.002971128560602665
3abac0961bfd,0.024405458942055702
3ac3fbfca7d4,0.9251937866210938
3ac92ac3d65a,0.42718505859375
3af9aaa880e9,0.003649591701105237
3b018e8b7303,0.32526788115501404
3b0190bbe615,0.0005458465893752873
3b10191dfd25,0.0024386493023484945
3b185ac445d0,0.20383591949939728
3b232b394e4f,0.016290079802274704
3b2b91590590,0.00018676012405194342
3b4a5fcbe5e0,0.28684431314468384
3b58b02c89ed,0.022733790799975395
3b5dffe159b6,0.029673872515559196
3b73a3a4a734,0.009358860552310944
3b9817a39adf,0.011948059312999249
3b9c1f42c2f2,0.0009402601281180978
3bf2deaa5ef0,0.00027028581826016307
3bf3085ac167,0.0007722534355707467
3c1efa38d0da,0.9451926946640015
3c28fd846b43,0.05953044816851616
3c311c9109b0,0.001341886236332357
3c326543fff6,0.36243364214897156
3c42512c81e0,0.00045571060036309063
3c53198519f7,0.004520075861364603
3c726de3ee90,0.05044453218579292
3c72f580d4ba,0.011164446361362934
3c78bfca247b,0.28769487142562866
3c9529918097,0.0020648303907364607
3ca12e02dd4e,4.9692593165673316e-05
3ca637fddd56,0.28684431314468384
3ca8be3b40d6,0.2668133080005646
3cab32dd6ef9,0.0012711805757135153
3ccf96c1dd6d,0.040744926780462265
3cd801ffdbf0,0.038501814007759094
3cd9713c0ecb,0.001205194741487503
3cdda8b3df19,0.014018612913787365
3cdef7c591cc,0.20400315523147583
3ce2f8a77a32,0.3344368040561676
3d2ecffe0386,0.3091672360897064
3d3e288d490e,0.886832594871521
3d663a6a50a3,0.04820096120238304
3dbc90c7ee7d,0.2404964566230774
3dbfbc11e105,0.05461564660072327
3ddb86eb530e,0.31741735339164734
3de8ad4151e1,0.006641543470323086
3dec415b188a,0.00012993725249543786
3dfc50108072,0.3882688283920288
3e1f8fecb06f,0.0250710416585207
3e3a3955b9c5,0.0005698152235709131
3e61703b5ab2,0.46566975116729736
3e6bfc4d5c65,0.6624045968055725
3e86335bc2fd,0.012307079508900642
3ee17aa12e46,0.005067154299467802
3ee4841936ef,0.04558953642845154
3f0d3629d69e,0.42133989930152893
3f3de2a6b0f5,0.0005633914843201637
3f44d749cd0b,0.36508306860923767
3f47f83217b5,0.0006538740708492696
3f49f8d100e9,0.7142137289047241
3f5b4c2948e8,0.005933564156293869
3f6bccf21ce8,0.0007997314678505063
3f6c627e2ff2,0.000528141506947577
3f73c91b7e32,0.2635250389575958
3f752fcccec0,0.006528558675199747
3f82631e9080,0.9546802043914795
3f8d5c940ba4,0.01186414435505867
3f98be586fe3,0.0025561575312167406
3fa4f4d77177,0.011310800909996033
3fc219927a97,0.0002519233385100961
3fd45879afe6,0.017158187925815582
3fd7df6099e3,0.8143866658210754
3fe282197c1c,0.8976647257804871
3ffa14d60b24,0.48133230209350586
40140a925c43,0.015028873458504677
401fdfd0db07,0.001183296088129282
4029d70e9d8a,0.3378634750843048
4036471a1bb7,0.9250445365905762
404ede327e98,0.720665454864502
405085b53d7b,0.001482880674302578
40527a5e95dd,0.22652356326580048
405b4f78658f,0.4866711497306824
408ea9d5e082,0.9171153903007507
40c24aded50c,0.01004707533866167
40dd4e6e4444,0.9434692859649658
40e9b5630438,0.01675184816122055
41345cec5957,0.29843002557754517
4134b290f5f3,0.0019765282049775124
4145dcb25053,0.9021087288856506
4158c340fa49,0.6492234468460083
415d5c5e785f,7.880699558882043e-05
415f2d2bd2a1,1.99431069631828e-05
417f408ee8e0,0.9616971015930176
4189d4e631ec,0.32853636145591736
419406328dcd,0.01463024877011776
41960d5f58c2,6.028448842698708e-05
41ab357d103f,0.14105580747127533
4205e9deb058,0.9436109662055969
4210809074c1,2.1337196812964976e-05
423abbaa5fad,0.13620494306087494
4242c0d87f57,0.18854540586471558
4246ed634f25,0.005226856097579002
4276b82e4489,0.8802812099456787
4289af3afbd2,0.0001762839820003137
4294a14c656a,0.019031573086977005
42985aa2e32f,0.21430650353431702
42a67337fa8e,0.9885168075561523
42a850acd2ac,0.003097901353612542
42af7282349b,0.8219315409660339
42b08dca9b2f,0.5951285362243652
42b93b574f23,0.3547816872596741
42b9c1977681,1.3425081306195352e-05
42c65af5ab16,0.025866523385047913
42cc993f23a9,0.775995135307312
4318b6adeb97,0.799347996711731
4350a1b2f3cb,0.036117710173130035
435414ccccf7,0.28244125843048096
435d900fa7b2,0.003212962532415986
4360a112db10,0.019778890535235405
436e1793d240,0.3959914445877075
436e7a7af761,0.7579717040061951
436fa3fd145a,0.4907996952533722
437900a99871,0.5518983602523804
437cbec4a3f8,0.0002689952671062201
43823561c3f0,0.17350883781909943
4384fa687afa,0.009401369839906693
4393c5bc576a,0.1633310616016388
43bc7c066dfb,0.004341277293860912
43ddd0ab0cc4,0.09828637540340424
43e9c66eb0f3,0.19065840542316437
43f22d1be8dd,0.5071254968643188
43fb6eda9b97,0.0010769048240035772
4403538fb50f,0.004216552712023258
4409965eb2a4,0.00770804425701499
441117562359,0.4705161452293396
441848e0f308,0.7723116874694824
441affbe99aa,0.11910141259431839
44271f3cb18f,0.9900398850440979
445a8a6da55c,0.001507552806288004
4462fba1d2a1,0.1373298019170761
4464bb62bf20,0.009479294531047344
4478b870e549,0.07744015753269196
44855f666225,0.020487025380134583
44878f34e31f,0.003940998110920191
4489d421e5aa,0.028657330200076103
44976c3b11a6,0.0493633858859539
44a4d04162cc,3.375615051481873e-05
44a86263117b,0.0010459298500791192
44c869174e3a,0.15186060965061188
44e0d56e9d42,0.813126802444458
44e951e45dca,0.009279259480535984
44ecf3f4efa5,0.031015701591968536
44f4ae58990e,0.06291942298412323
44f7f3ef9d50,0.08374790847301483
4528fbbd43a3,0.0005806753179058433
45369821d6a3,2.4982520699268207e-05
453a1e2754b2,0.05411788821220398
453d553b0a94,0.47862157225608826
454792eb6e05,0.47494593262672424
454a944eb557,0.9516121745109558
4554062fa836,0.8951947093009949
45693d027798,0.0003768878523260355
457c7c927e27,0.4839489758014679
45ae04cfde5d,0.03613828495144844
45c39ab9e797,0.8631110191345215
45e4b7eada54,0.0012831063941121101
460893cd86e3,0.009576190263032913
461fa5292fda,0.00017467336147092283
462937ece243,0.00720250466838479
465c618f7b23,0.06004253029823303
4661006f3ba6,0.06433621048927307
467b7d9d811c,0.02417999505996704
4689b739d240,0.6371468305587769
46923eea9a4e,0.09155657142400742
46acc506fa61,0.00019480442279018462
46c1548d730e,0.008258547633886337
46cdc8b685bd,0.0005772270378656685
46d3316c4857,0.18912769854068756
46f56c38051f,0.008812624961137772
4704dbb59536,0.6608225107192993
4731e708ede3,0.4119672179222107
475300735b7f,2.667239823495038e-05
47536db39f00,0.028455985710024834
475c7ded0f7a,0.4891127049922943
478fc46eaa49,0.004732740111649036
47b756014447,0.1721934974193573
47d1603a555b,0.0011549839982762933
47e51065b819,0.012250307016074657
4818672273af,0.24550144374370575
482088e6be44,0.15760087966918945
4826d10030b3,0.020430881530046463
484dbeb9bf2a,0.7372372150421143
48543037d0b3,0.0822797641158104
4860f7813654,0.8197984099388123
486e852a3b4d,0.6297668814659119
48a45619d1a3,0.14123618602752686
48afe8c47454,0.1435825228691101
48c49f662f7d,0.2923884987831116
48c72dec46e5,0.05640175938606262
48fda42bd5d4,0.0006523621850647032
4926dea289f8,0.0006382418214343488
4927945ecfed,0.00013695967209059745
49386d603494,0.002962821628898382
493d99f030e2,0.0032690910156816244
49419f8d5cb4,0.0018940207082778215
494fc9c745a3,0.009976627305150032
495106ae3b68,0.017593061551451683
495255c7492f,0.01991056464612484
4958bfcc9f38,0.001873994478955865
496155f71d0a,0.0019331806106492877
4982378d72f9,0.2869473695755005
498f143c0374,0.6731171011924744
499c8df39222,0.5421317219734192
49a4765f8822,0.0017423584358766675
49c5e7f6b8d2,0.009865316562354565
49d69c4c6290,0.13188983500003815
49e4b95ee2dc,0.9850941896438599
49eb73968c44,0.9787160754203796
4a05f81b3aba,0.07889816164970398
4a0890b08532,0.01400475949048996
4a0bba3b7d83,0.7921906113624573
4a1afe4044f4,0.939625084400177
4a213b405ee4,0.023987486958503723
4a3da369b227,0.2695320248603821
4a44cc840ebe,0.9405240416526794
4a4cb731f91a,0.1296868771314621
4a558a1cd243,0.867531955242157
4a589edaea60,0.02761772833764553
4a5a6efc0bef,5.3420779295265675e-05
4a693dd3921a,0.9898576736450195
4a7dc013e802,0.9984411597251892
4a96c28f3f07,0.17637072503566742
4aa07d720638,7.20304815331474e-05
4aa3d771c5e4,2.2083278963691555e-05
4ab8c0cece7f,0.0008879072847776115
4abca30b676b,0.002394620096310973
4ad6109706e8,0.7749689221382141
4ad8d3ec8789,0.9325371384620667
4b1001050f1d,0.00030094783869571984
4b237b958555,5.0385642680339515e-05
4b422b48d0d4,0.9599918127059937
4b5ffea77373,0.040866103023290634
4b618537d52f,0.951333224773407
4b6895d0cf8d,0.5431352853775024
4b6cb0bcfd44,0.8835675716400146
4bcee3cbe232,9.07183566596359e-05
4bd5d0b30198,0.0012525967322289944
4bd941611343,0.3984161913394928
4beeca5cc859,0.014418333768844604
4c129470cec4,0.048922475427389145
4c17e85686f0,0.056966736912727356
4c389d033cb0,0.012922395020723343
4c3c1ed09771,0.0008957086829468608
4c52922f3bfd,0.20836615562438965
4c53cc97ea13,0.5786198377609253
4c570172778b,0.011305180378258228
4c5ab774a381,0.9921930432319641
4c60b10a3a6a,0.8080361485481262
4c60f6fcea75,0.6361703872680664
4c635a01593d,0.6826570630073547
4c6c5a1bf5ab,0.00222227955237031
4c78d9d18da9,0.2292407602071762
4c9f0fdaaef7,0.8059196472167969
4cae247d9909,0.02495560050010681
4ccee4db09b6,0.6778386235237122
4ccfa0b4e96c,8.209942461689934e-05
4cddfc22b0ad,0.18407995998859406
4cde86044ad1,0.0019612666219472885
4ce74e5eb51d,0.9074357151985168
4cf4d528c08e,0.8123626112937927
4cfd22ae43d4,0.08190388232469559
4d009cebabc9,0.1456267535686493
4d167ca69ea8,2.9621998692164198e-05
4d17559ac1e2,0.13545313477516174
4d1cf360b2d7,0.004948817193508148
4d1e7def7624,0.8561726808547974
4d21ce39c905,0.07504666596651077
4d3de40ced3a,0.014861959964036942
4d47300e3ddb,0.21780097484588623
4d7d6928534a,0.6023237109184265
4d9fc85a8259,0.2269405573606491
4da2961e62fe,0.00036010186886414886
4da6e2089d57,0.08522840589284897
4dbce359d0e1,0.014993994496762753
4dc2211a1c31,0.035444967448711395
4dd14c380696,0.8762091994285583
4dd4a4bf2421,0.027528561651706696
4dd5d5ccddcf,0.018355580046772957
4dd71fc7f22b,0.03645847365260124
4dd7b322f342,0.05167146772146225
4dd9d29eae5d,0.8898142576217651
4df6a81b476e,0.02545929327607155
4e0656629d02,0.8961803317070007
4e1e252317b5,0.0001167197260656394
4e231670b48c,0.0011475026840344071
4e43d05cc2ef,0.08148057758808136
4e4a6224a04e,0.00015174757572822273
4e54ccfd49b2,0.22500742971897125
4e6071b73120,0.15271544456481934
4e7694eebb91,0.21824508905410767
4e82c3c8d31f,0.0006352769560180604
4e8585a96739,0.03181392326951027
4e85aa647534,0.2871725559234619
4eabad7948cf,0.8614411354064941
4eaf2f81819d,0.005052549764513969
4ec7796df40e,0.9977737069129944
4ecd1fdd1435,0.007406728807836771
4ed31cc07366,0.00014915189240127802
4ee1ad981a6d,0.7016265988349915
4ef0b485a7da,0.3926424980163574
4ef16a53d899,0.5582767128944397
4ef7144e24ff,0.09837976843118668
4f0866b90c27,0.5974250435829163
4f20f9a9a65b,0.004073076881468296
4f46d7ee61ed,0.004457380156964064
4f5dd7660b17,0.2644912302494049
4f60129e9a5b,0.01300549041479826
4f6abc40c72d,0.017113961279392242
4f7755e74a9e,0.002928289584815502
4fa26d065ad3,5.3344923799159005e-05
4faf4063db8c,0.001880391500890255
4fd5ec0dca09,0.977597177028656
4fecf87184e6,0.01791440136730671
4fef9ed8a4c5,0.10809978097677231
4ffa38550c95,0.993371844291687
500aad15b7c8,0.8479791283607483
501c319f7a9f,0.009175572544336319
504a69096fcb,0.00014546103193424642
5056fa7d505f,0.01818888448178768
5069feccd866,0.9273708462715149
5077cdb88aed,0.005069213453680277
5078caaf1f57,0.35410916805267334
50840c36f0b4,0.0030410895124077797
5090917a2676,0.001880786381661892
50915e2329a1,0.24558910727500916
50916d67bb51,0.017992788925766945
50a2aef380c8,0.001776175107806921
50d8249f7bc9,0.03554752841591835
50d8a8fb7737,0.9702290296554565
50ddd7d976df,0.08840392529964447
50f5201fd18a,0.3459964692592621
51030843fde2,0.041665948927402496
510aa0a898fa,0.525722086429596
51131b48f9d4,0.003097901353612542
511fd66b2df8,0.024387311190366745
51269b77d312,0.01672976464033127
513b0a4651fa,0.0018354607746005058
51405d042000,0.024246634915471077
5152bf091152,0.03669445589184761
5173d54fc214,0.0008408320718444884
5188a8afa879,0.9304683804512024
518e880613de,0.5309150815010071
519c6e8f78dc,0.8166599273681641
51a078d6d43a,0.005623883567750454
51a1d162e223,0.012001825496554375
51aa3361294c,0.05437324941158295
51af8a689511,0.005893766414374113
51af8c112682,0.8254885673522949
51cd8d2057fa,4.719587741419673e-05
51cfeccaf40d,0.21611152589321136
51d0034d177d,0.9975486397743225
51d574513bcb,0.5998939275741577
51d780864365,0.0007796476711519063
51da6aebba8f,0.988639235496521
51e656e5a541,0.0914398729801178
521b5377a727,0.38257911801338196
521d3e264d71,0.6575049161911011
52230bbef30e,0.1045689582824707
523b3f0fc646,0.2924560010433197
523d0c2cb4d6,0.08901459723711014
523ff163211b,0.0024221220519393682
524f240e0c90,0.0015643046936020255
5257cb536da2,0.018136300146579742
525acfea47e8,0.0014063825365155935
525d0dd8dc45,0.010767447762191296
5264a54e1830,0.6471602916717529
5265dc9acdf8,0.045686379075050354
527bea76116c,0.0012612825958058238
52886bed8a07,0.0346033051609993
5288f7441f64,0.9965864419937134
5293576816aa,0.0033411849290132523
529906ff9dfa,0.0007074251770973206
5299a532f0e0,0.06614797562360764
52ae917fcea4,0.0755009651184082
52dbec057cc8,0.11446776986122131
52ddde91a349,0.0016533005982637405
52edbe29d655,0.01273764856159687
530d78467615,0.001615119050256908
531b39880c32,0.010258503258228302
5321ab64f9ea,0.00022141108638606966
53273d664cd8,0.002451062435284257
5327f88a1919,0.9179726839065552
53327edb9e4d,0.017824748530983925
5347b4c8e9b3,0.028273748233914375
535682537302,0.13754306733608246
53704c80f0d8,0.1103949174284935
537e50fdf22e,0.31133556365966797
537e5c578f40,0.14691300690174103
53c874dbc594,0.9692040085792542
53ddae6a619e,0.45381900668144226
53f6c1c65c04,0.001825887244194746
54038e56131d,0.00621609715744853
540e4973829e,0.6349461674690247
541db13517e2,0.9841136932373047
542964865b1e,0.0025885850191116333
54334705a34d,0.9578935503959656
5445255635f0,0.029999980702996254
545df1bbcd61,0.004119562916457653
547b37da9223,0.07695179432630539
5486da4273d7,0.04468381777405739
549381330191,0.009304819628596306
54b322c66d01,0.9965728521347046
54bbe3da103e,0.9404842853546143
54bdcdecd8f3,0.9928086996078491
54cab3596214,0.001239028642885387
54dc6e8107cd,0.5337865352630615
54f57cf26126,0.7387091517448425
55034b1dbff2,0.06338267773389816
55092c0071eb,0.03739098832011223
5511f114e7ee,0.9680082201957703
5548a7961a3e,0.8982976675033569
555d0bef3c5b,4.0256483771372586e-05
55968f0e63c4,0.0030639134347438812
55eac26bd383,0.04570632800459862
55eb405ec71e,0.3757144510746002
55f7f018c61c,0.5941046476364136
55fd453001cc,0.0007532053277827799
5633ced07d8e,0.0005424307310022414
565f3404f9b2,0.0013982740929350257
5671eb95512b,0.2872096300125122
568455854a11,0.07354924082756042
56e56aa08362,0.013492785394191742
5712e2aa73a2,0.031066028401255608
571bbdbf585e,3.600608033593744e-05
5723d0ec895e,0.7072038054466248
5728b8aa98ef,0.0014932637568563223
573ea80a53be,0.6358389258384705
57469423a012,0.26605111360549927
576e189d23d4,0.22421908378601074
57760be09c03,0.8156139254570007
5777ef74c9ec,0.16275203227996826
578109578b46,9.653464803704992e-05
57a5e4274275,0.16214071214199066
57a5f1015504,0.9942890405654907
57a710de68a4,0.0034453310072422028
57ce57a8cfb0,0.02705352194607258
57db4781e7ec,0.013757742941379547
57f5ad4b5b29,0.00622868537902832
57f933d3d7c7,0.9586849212646484
58059e73d2d4,0.6215063333511353
5814cbd2e9bf,0.0003136972081847489
58184d6fd087,0.8959426283836365
582115961a3d,0.038846202194690704
582f739b8f62,0.623494029045105
58529a8638d0,0.09397751837968826
586f5c56081e,0.00021924312750343233
587146a55885,0.2484549582004547
5879285f9d8d,0.0016315362881869078
5889a0c75cac,3.0321778467623517e-05
58a9e0d7f7af,0.002093647141009569
58af2c054ced,0.0007384949713014066
58b866484a05,0.9732604622840881
58c12863f33d,0.0006951913819648325
58ccba7eec9c,0.7127531170845032
58eb3809f456,0.365800678730011
58f07741ee3b,0.614944577217102
5905a9b06a73,0.03792663291096687
594f69b503ad,0.1795302927494049
595446774178,0.025405824184417725
596f4fdb0004,0.0011829282157123089
598b8f5b3822,0.5683847069740295
59928f999ae7,0.9457346796989441
599498e9e4bc,0.7586105465888977
5995321563b7,0.00017511429905425757
599b89048034,0.0019549857825040817
59bd19c1c5bb,0.0035418434999883175
59e5212f7139,0.1006026566028595
59ee65760535,0.8188419342041016
59f3f70abddd,0.2197607308626175
59fee5bc3479,0.9896804690361023
5a03fe3ed15c,0.24133853614330292
5a091e8cd95c,0.0020272848196327686
5a0fe0ee4301,0.012643842957913876
5a11d21c2828,0.01867302693426609
5a179c123fd8,0.016863886266946793
5a27b9b2a9c1,0.005306604318320751
5a2c27b95c7c,0.03555719926953316
5a36cea278ae,0.1900397390127182
5a444c32cd9a,0.005335600581020117
5a5d3798c357,0.1913524866104126
5a93c0f783c4,0.20577110350131989
5ac7a414560e,0.00010408382513560355
5ad3dabeb2cd,0.0008975454838946462
5b068765e846,0.00040797036490403116
5b0e53f53ef3,0.44977399706840515
5b1c4cefeb24,0.6494960784912109
5b2648ad455e,0.9487840533256531
5b301a6d1ac7,0.9974706172943115
5b32ece9c627,0.028489520773291588
5b3d41626ec5,3.4169343052781187e-06
5b3e7197ac1c,0.9911088943481445
5b47043942f4,0.027634812518954277
5b5b80a3edee,0.8847039341926575
5b644a403e1f,0.0006641827058047056
5b72ff04333d,0.012798433192074299
5b76117c4bcb,0.017420025542378426
5b804948e35f,0.6275550723075867
5b994ff78547,9.541383042233065e-05
5ba156a35ff2,4.1861731006065384e-05
5baed382f062,0.79680997133255
5bda2ed09e62,0.11306000500917435
5bea250d8bf5,0.00023119078832678497
5bf3357a2823,0.12083350121974945
5bf6f2958e53,0.019962403923273087
5c6194562ed2,0.579998791217804
5c7ab966a3ee,0.9742897152900696
5c817060c0ed,1.4703365195600782e-05
5c8482926a08,0.014280672185122967
5c85d22bd0de,0.0029287601355463266
5ca73d28f17f,0.17986494302749634
5ca779ace6e7,8.737226744415238e-05
5cab3ef4b31c,0.09892278164625168
5cbe88914a72,0.00024264820967800915
5cc6dea19614,0.9963805079460144
5cde55f745af,0.0180366113781929
5ce5eeaf757a,0.7776612043380737
5cf9127f251a,0.0426982082426548
5d024177e214,0.17939935624599457
5d3c8c1f57da,0.28161412477493286
5d4e5fd34d91,0.019860845059156418
5d5b5da5f939,8.33159083413193e-06
5d6239c0fd39,0.00039307199767790735
5d74f98d62be,0.6976840496063232
5d9c841eb245,0.9534227252006531
5db2e3a4594a,0.00450097257271409
5db895d3f1fc,0.01535081211477518
5dc23e440de3,0.07488670945167542
5dd2e26fc244,0.988528311252594
5de4615a5161,0.0022684948053210974
5e18af29d812,0.0023563033901154995
5e505e25cd3e,0.7815857529640198
5e5275ddee29,1.5215136954793707e-05
5e52c9fe676f,0.14562328159809113
5e7630f8438e,0.009235834702849388
5e7cc6ab4ac4,0.0015679438365623355
5e7db41b3bee,0.1555311232805252
5e97cb2b0888,0.06985560059547424
5ea9e447bb62,0.030289720743894577
5ead17e894ae,0.015170622617006302
5eb311bcb5f9,0.12299539893865585
5eb8fb1aad41,0.003125665709376335
5ed6dc419e4d,0.01972704939544201
5efa24b03d5e,0.0038975821807980537
5f13e8a07344,0.04104015603661537
5f4a8c074bd5,0.0013547028647735715
5f51192841f7,0.0010147643042728305
5f6db235c04d,0.2006768137216568
5f70ad48a525,0.0526929572224617
5fcff7280019,0.07965465635061264
6028a575dc27,0.011298520490527153
6061f5b7378d,0.14494401216506958
606daaf0bfc7,0.00216828309930861
6089fa333013,0.8432354927062988
609be3ca5ddf,0.07008897513151169
60aa4e649abf,0.03240707144141197
60e269e3e188,0.0003641337971203029
60edda7b4871,0.993244469165802
60eeae3ba23d,0.35565185546875
60f15dd68d30,0.43179428577423096
6107a2e9f60e,0.1546412706375122
6110ecb3bb1c,0.00010715810640249401
612f2df37a1d,0.10380297899246216
613028ede6a0,0.03383845090866089
613bacb35c05,0.005146013107150793
6155cf375354,0.009290019050240517
6165081b9021,0.21430650353431702
6180920bc224,0.8280435800552368
6181aa9f75f4,0.19193854928016663
6194e0fff071,0.2354312241077423
61a62b1dcc36,0.821478545665741
61ac9b0dc6b9,0.5368803143501282
61bbc11fe503,0.23397476971149445
61bbe8db6f3a,0.05065064877271652
61c2fbd16e38,0.22694969177246094
61c667663f2f,0.19537286460399628
61d9c88a3a4b,0.04567943885922432
61da799bf0aa,0.03772350400686264
61e301bd3c25,0.095635786652565
61f403fdb434,0.07393346726894379
62318d514160,0.008415929973125458
624fb7317106,0.019171547144651413
6253f23229b1,0.5172175765037537
628b581aa905,0.17440301179885864
6294b378d09f,0.22789828479290009
6298468d7d75,0.12194814532995224
62ab144d5cee,0.03065500035881996
62b4be2799ca,0.0008865297422744334
62b826899151,0.021023603156208992
62cc7ddb53b6,0.019870877265930176
62e6f814c8f5,0.010274636559188366
62ecdc90dd42,0.013114690780639648
6324d77cf926,1.9367360437172465e-05
63363410389a,0.01911730132997036
633fe9dbaf39,0.08819399774074554
6363b360aefb,0.015001405030488968
6377e23928f6,0.20434312522411346
639915f58a2f,0.006890179589390755
63a03880939c,0.015874536707997322
63b4d030b016,0.8816447257995605
63b71347e95d,0.00019621034152805805
63c0eafd6aa9,0.0006126544903963804
63c3c571b8ee,0.058468833565711975
63c7b0265775,0.01991058513522148
63d217b059b6,0.011313354596495628
63e041a757eb,0.012788942083716393
64678182d8a8,0.09725768119096756
64a13949e879,0.0020037414506077766
64ac539f58cb,0.9938344955444336
64b9206afb3f,0.008395032957196236
64bad93fde3f,0.0074013532139360905
64c6c6ee0d98,0.15398943424224854
64eb5a79dfdd,0.3345559239387512
64fedbf97473,0.9939923882484436
650104ede84c,3.228561399737373e-05
6504b703c429,0.0008166350307874382
650fbed3fdca,0.341858834028244
6531070bf03c,0.007022351026535034
653534ded339,0.03273128345608711
655cafb4c932,0.015345840714871883
657859f893d9,0.09999733418226242
658ad9f09f5d,0.20368130505084991
65a3b13ad9a0,0.011694851331412792
65a7fe9482fe,4.229683690937236e-05
65c958379680,0.020187661051750183
65cf00be6fb4,0.638991117477417
65dda202653d,0.3677520751953125
65e120143825,0.01934555545449257
65e51e18242b,0.0001965650008060038
65e530ee2e79,0.12284952402114868
65e6f1bd9875,0.011388247832655907
65f5d2a6eb7e,0.028972424566745758
65f69234c8a7,0.0001015297748381272
6630f8675a97,0.7589655518531799
66366a90d1ef,0.148774191737175
66375b3c64db,0.05623148754239082
66393d8c60ba,0.00851197075098753
663a923d5398,0.7470473647117615
66460ecab347,0.9504727125167847
664b1f9a2087,0.00952669233083725
6653ad026901,0.0010682762367650867
665ce639a331,0.03395753353834152
6666c4f18396,0.9318904876708984
668a319c2d23,5.7456483773421496e-05
668e853258cd,0.613142192363739
66a0bf258013,0.32882753014564514
66b88a4bc474,0.19556258618831635
66bae1ba227f,0.9474731683731079
66bfec8d6bcd,6.630711141042411e-06
66cd9c28e636,0.1631883829832077
66d2ca47aa44,0.9400971531867981
6733544ae7a6,0.019973834976553917
6735931000ec,0.001051068538799882
674057ab250c,0.1178978979587555
675de69373f8,0.1518973708152771
6762b2b48ea5,0.009376325644552708
677f087cd697,0.0015235338360071182
67844c46bc61,0.0075508528389036655
67c03349bb31,0.0002006441936828196
67d8f94f04e0,0.11265747994184494
67ed8cc78b97,0.5716220736503601
67f5d89da548,0.08311329036951065
6810410187a0,0.038808632642030716
681c3c115684,0.7875072956085205
682312e82ee3,0.0038079258520156145
683023cda6a5,0.2824353873729706
68332fdcaa70,0.10439574718475342
684dd88a0d49,0.1923115849494934
6852f4531591,2.8829226721427403e-05
686ed1dbae20,0.8887601494789124
687759336b0d,0.03642503544688225
6889bc64ab09,0.9619699716567993
68987fb159ab,0.0008274039137177169
68ddb15a74de,8.629655894765165e-06
691eeb59b4cb,0.00024682917864993215
692e946b1f85,0.3800361156463623
69591ebb198d,0.0012663773959502578
6966abf40b8c,0.024179816246032715
697538183db5,0.2948835492134094
6987804eb464,0.009147899225354195
698d6e422a80,0.08101291954517365
69b3a00927fc,0.05330097675323486
69c4cbb630de,0.03937840089201927
69df7ade0575,0.34297558665275574
69f43381317b,0.39862120151519775
69fff98cb32a,0.8450226783752441
6a244e855d0e,0.939505398273468
6a2642131e4a,0.013528470881283283
6a2c3f4ef329,0.8993514776229858
6a57a3db3eff,0.004882652312517166
6a905a7202d2,0.10399949550628662
6a91eb157f47,0.0647689700126648
6af071b0ac6e,0.7932021021842957
6b00cb764237,0.09725768119096756
6b07971c3bf6,0.1169644221663475
6b128e648646,0.08080318570137024
6b30767595d8,0.3304137587547302
6b3860e8f64f,0.04487433284521103
6b664ed2a938,0.03496161848306656
6b66b0e86f7e,0.01181558147072792
6b7cf869622a,0.7643739581108093
6b869f37cdf3,0.0002486490993760526
6b91e99c9408,0.9640987515449524
6ba5ed791444,0.0012541321339085698
6baafa56895c,0.1715955138206482
6bb30ec3231a,0.0002455440699122846
6bcce181be65,0.001450816635042429
6bf26b777e3a,0.5773127675056458
6bf2a81a5d91,0.052806269377470016
6c00dd8bf708,0.0037838176358491182
6c250a30593b,0.41696152091026306
6c2555a9cae4,0.9800552129745483
6c30dd481717,0.6517484188079834
6c315ad3d07f,0.1796053647994995
6c3589d7ed8d,0.0005103668663650751
6c3745a222da,0.18432900309562683
6c4ec95dd8ba,0.9110252261161804
6c6505a0c637,0.07347965985536575
6c6efb6b1358,0.08484625816345215
6c9c902a97de,3.173226650687866e-05
6cb96a6fb029,0.6732636094093323
6cb98da77e3e,0.2923884987831116
6cbc3dad809c,0.005473888013511896
6ccfdb031184,0.15508855879306793
6cd606dc52e9,0.9689227938652039
6cdd0f985270,0.3140048682689667
6cee2e148520,0.06892260164022446
6cfb7b44ef6f,0.19112233817577362
6cffc6c6851a,0.17139559984207153
6d0c0531083f,0.1498050093650818
6d10709053ae,0.00020118670363444835
6d259b5b4c76,0.004194849636405706
6d292ca4c9ad,0.0030983604956418276
6d3d1fe6c32a,0.2161712646484375
6d454444f17c,0.1645929217338562
6d4f6c9a8406,0.01209124643355608
6d5a8362dd1e,0.5077246427536011
6d6be4cfc73f,1.2325403076829389e-05
6d6fcf49e515,0.003977347631007433
6d7d26025122,0.07215841114521027
6d9effbcde78,0.5501903295516968
6daef3e5ca22,0.1113549992442131
6dc0281f11e3,0.002591900061815977
6dc07f968794,0.0070885238237679005
6dcde47060f9,0.9495787620544434
6de39b94f634,0.29648837447166443
6df8b7b6e837,0.19009821116924286
6dfd80748e72,0.22932004928588867
6e018411ba4a,0.0011774421436712146
6e092b306fe1,0.0149035369977355
6e092caa065f,0.005749273579567671
6e0f78e188ff,0.0004770935629494488
6e1db8711879,0.5244319438934326
6e3526053de0,0.002461767988279462
6e44f6d04fc9,0.0008721386548131704
6e68e742f5bc,0.02100527659058571
6e73acb2cf60,0.004763084463775158
6e861bc3bd7b,0.918455958366394
6e92b1c5ac8e,0.22275027632713318
6ea07d19b4ce,0.07985720783472061
6efa36d59ada,0.20942428708076477
6f0463c1ff18,0.02358982339501381
6f0e5848d9ce,0.0017337689641863108
6f3b62e5b7f5,0.4528081715106964
6f460f9968c7,0.00027177398442290723
6f4719c6bb4b,0.9645968675613403
6f4e0538d1e4,0.004488695878535509
6f689fced922,0.003661362687125802
6f923b60934b,0.04806380346417427
6fb656d506b2,0.008836164139211178
6fbaaf8eb67a,0.8995490670204163
6fe4751a3b42,0.0006860579596832395
6fe67482bfae,0.8851998448371887
6fe67fd7f5d1,0.0017926926957443357
7005be54cab1,0.04558953642845154
702de9dcde32,0.005540440324693918
705f508d1e42,1.0541861229285132e-05
709784f7fcc2,0.0010420936159789562
70d0392397de,0.8351138234138489
70d657f8f503,0.04974886029958725
70ed3ec68b94,0.018359588459134102
70f5caf5f305,0.00016292318468913436
7102f29e052e,0.023581819608807564
710b05a96e0f,0.9932383298873901
7116128c65ab,0.6760849952697754
711d1480d2e3,0.0023844970855861902
7131bf4c9e6f,0.4630144536495209
7179f85bfd6f,0.0010033011203631759
71a39c660432,0.00045775447506457567
71c1a3cdbe47,0.020097605884075165
71c22da3d6c6,0.053635258227586746
71e4130bf5c8,0.08312749117612839
71e43b4f8ba6,0.002864270005375147
71f6a6e4620a,0.0006832073559053242
720b5f62ce80,0.8196197152137756
721214151233,0.007481795269995928
7214fc7cbe03,0.6770888566970825
7247a2c97f71,0.3179745078086853
72595230840c,0.1217549666762352
72606afaf3da,0.2032642364501953
7269a1d84a57,0.24568906426429749
726dff37edc0,0.05761256068944931
7270367410a1,0.04149326682090759
72a867980067,0.3140617609024048
72c31aa48e2c,0.001769122900441289
72d98188648f,0.007417695596814156
731b19a460ad,0.002670146059244871
7335a2d43ada,0.011423470452427864
7347bd23ba80,7.973411993589252e-05
7347f5133a6a,0.06068277359008789
7350c50667c5,0.002804533578455448
7356dd08b0ae,0.569445788860321
735836b1ffa6,0.023398328572511673
737ef6226677,0.000428771716542542
73881f55a3ec,0.008967935107648373
73a07e2ea23e,0.9876157641410828
73ba798fee25,0.006688940338790417
73d40ce06a67,0.00046917187864892185
73e83a07a16d,0.9568092823028564
73ef3c3dcbe4,0.26353269815444946
74211a2b6dcf,0.6640368103981018
7427dedafccf,0.002802608534693718
7435e9a3e36e,0.011868596076965332
74418f620068,0.04384370148181915
7455e2b5fc57,0.028226176276803017
74898f372d2b,0.08482994139194489
74eee788edee,0.40827640891075134
750e0168399d,0.09682351350784302
75238d945315,0.003416983410716057
7525ebb3434d,0.038501814007759094
7526c59c36d3,0.0002565263712313026
7526cf435753,0.008494832552969456
75369248dba0,0.004663354717195034
753b14c27c83,0.1557120978832245
7550966ef777,0.008696647360920906
7569ac24762e,0.7791181802749634
756b0d6488bb,0.002275468548759818
757572337fd0,0.642794132232666
757e39293591,0.010026204399764538
75a071608ea6,0.000151567961438559
75a4343b12f9,0.5553911328315735
75a7bc945b7d,0.004695810843259096
75c180e04f65,0.002412022789940238
75ed83dbccce,0.00027993356343358755
76095c338728,0.0002875254431273788
760b6f4c6d82,0.000511005287989974
762d6e5d5068,0.7148814797401428
7635921c5efb,0.249211847782135
763ad1236efe,0.00022344276658259332
76516f828d88,0.0067239985801279545
7663aba8d762,0.026604441925883293
767d777ee889,0.9509418606758118
76b950c6ed5e,0.9164759516716003
76bc31e0d3be,0.7529919147491455
76be29bb30b2,0.0012388688046485186
76c0c7e1b6cb,0.018134772777557373
76cab26493f1,0.7676388025283813
76cb010f7aa0,0.022919291630387306
76cfe8967f7d,0.5172175765037537
76df141d966b,0.6998976469039917
76e589911303,0.11729475110769272
76e5b50f95a7,0.0535147562623024
76e6a9238570,0.5858884453773499
76f3473df8a6,0.8074067234992981
76fe19ff64fb,0.003026976017281413
772af553b8b7,0.4455464482307434
7743f4e04a6d,0.06735020875930786
77543f66a84a,0.0387766994535923
77a1f1398fdb,0.00047311908565461636
77a9538b8362,0.01675184816122055
77ab222bf85c,0.8540623188018799
77acc2cafee1,0.010111666284501553
77b7b71ebcc3,2.3645206965738907e-05
77baa08a1345,0.9994439482688904
77e15f213b04,0.454502135515213
77e7c7a160c8,0.0001820599427446723
77f69c7ff324,0.18058688938617706
780be525036d,0.0002223817864432931
780f9c237c56,0.06431735306978226
780f9daaa24b,7.653485226910561e-05
7828dd083cdc,4.675051059166435e-06
7831ce1d895e,0.0003070265520364046
784d6d302f98,0.00014319362526293844
785777558f05,0.005882373545318842
7877be80901c,0.04342145472764969
788ddb0b70b7,0.49669432640075684
78937523f7a8,0.19886265695095062
789434d095d1,0.16513507068157196
789c60cba801,0.5769633650779724
789f0ec1eab8,0.026286760345101357
78a577c3e0bf,9.515750571154058e-05
78b3f819dcc5,0.10593975335359573
78bcdffb8785,0.004613415338099003
78d53c82a23e,0.0370817594230175
79059d0592c4,0.04964805766940117
79540be95177,0.31681153178215027
799214e8b07c,0.00959547609090805
799cb4c816ae,0.009561385959386826
79ade634c633,0.40625113248825073
79be2ff796bf,0.00698863947764039
79cbae28d8b2,0.00614521699026227
79ce83c07588,0.020097605884075165
79d44db3da2d,0.9173774123191833
7a06ea127e02,0.0006306769791990519
7a0cff4c24b2,0.39379337430000305
7a12f49e29df,0.2566370964050293
7a238a1d3cf3,0.5930909514427185
7a39c91416e2,2.956583193736151e-05
7a3ea1779b13,0.92274010181427
7a42443ed106,7.13983754394576e-05
7a46cfa69bae,0.003628147067502141
7a6495a39d87,0.00027792731998488307
7a6e384a0846,0.31407997012138367
7a77c3eb468c,0.0013778428547084332
7a9f45fdf29b,0.0011706153163686395
7aabd768abff,0.06376040726900101
7ad0c4975890,0.005029920022934675
7adfb8fc0621,0.0013715625973418355
7ae69d22075a,0.0003364231961313635
7af4d8704032,0.008150232955813408
7b20210d9120,0.6455497741699219
7b211d8bd249,0.6666829586029053
7b29e3783919,0.0015744398115202785
7b49041cbf17,0.00043578463373705745
7b691d9ced34,0.00012212229194119573
7b87b0015282,0.0001454339799238369
7b8c78b41c0d,0.9463787078857422
7b9d519cbd66,0.5130558609962463
7ba6b23c4b46,0.00024222406500484794
7bc00e58d419,0.004429153632372618
7bc2e0fa3f72,0.9589788317680359
7bc4dd99eee5,0.03688185289502144
7bda86d95c5b,0.01944587752223015
7be1b9aa78aa,0.024974634870886803
7bf981d9c7fe,0.004657227545976639
7c2e852171c0,0.001790564856491983
7c2f820a6425,0.009052513167262077
7c3747c0b2c3,0.38998690247535706
7c52fe73e748,0.17297101020812988
7c629b491d1a,0.8466688394546509
7c6594b50690,0.004283944610506296
7c90ab025331,0.13361459970474243
7cc4b7aabe04,0.030479824170470238
7ccb267fd394,0.5090296864509583
7ccf9d25dc48,0.0003176277969032526
7ce671f952be,0.0013491810532286763
7d0a871c45db,0.007050005719065666
7d11dbc1e738,0.8175854086875916
7d1b40fdbd86,0.0019020296167582273
7d1da90d3ca9,0.8715370893478394
7d261f986bef,0.01261092908680439
7d37a2939f12,0.006269337609410286
7d3835e4e63a,0.0034069521352648735
7d48f8cdfb69,0.7271770238876343
7d626a7ffe76,0.8921915292739868
7d8f67cadc29,0.1128750666975975
7d94a000c2d0,0.001129749696701765
7da558d92100,0.3785857558250427
7ddcfcea7369,0.3578589856624603
7dee6bf8b9c1,0.005702494643628597
7e0598cc88a0,0.0007593746413476765
7e160c8b611e,0.004800741095095873
7e4019ac7f5a,0.03826421871781349
7e5a76c4e103,0.05960424244403839
7e6e90a93aa5,0.07022485136985779
7e70344b0c25,0.5080715417861938
7e77b61e1639,0.011021963320672512
7e9081e95bf6,0.00018630798149388283
7e9458de5707,0.000547953590285033
7e980424868e,0.003360937349498272
7ea756985353,0.002386902691796422
7ec0e61a7e29,0.0146400835365057
7ec1ffe8220b,0.21619492769241333
7ed4128b2a4e,0.00011076676310040057
7ee6de71c140,0.0012824488803744316
7eeb191ad06b,8.42231820570305e-05
7eee3d1f1268,0.9975095987319946
7ef5ff774a48,0.5353838801383972
7efc91af4ae6,0.9933650493621826
7f0ffeb0a333,0.005755169317126274
7f1f3269f546,0.00795786827802658
7f2123bc89a3,0.7829568386077881
7f2cce721e19,0.0012128932867199183
7f39c36469b5,0.019703436642885208
7f43becd3e83,0.03491955250501633
7f60f2a083d3,0.023415811359882355
7f6690fa390a,0.9487758278846741
7f6ce40f306b,0.4728451669216156
7f84284598f5,0.7906451225280762
7fc3a8bb40de,1.807531589292921e-05
7fdb177b8f7d,0.0014820039505138993
7fe7309d0b4f,0.0007356593851000071
8000a6b97a84,0.458912193775177
8010c931321f,0.0013217264786362648
803120c5d287,0.3020489811897278
807135cbc438,0.9861328601837158
80964d8e0863,0.14234450459480286
80a02014b418,0.41977450251579285
80b5697f2a5e,0.0034875930286943913
80b5a9519aec,0.9666823148727417
80c67efc8101,0.01677318662405014
80ca40196225,0.029133616015315056
80d24897669f,0.45470595359802246
80dbeb0fdc75,0.0007685951422899961
80e6e425f966,0.0014476713258773088
80e7cc0a0649,0.005176683887839317
80ed04a84a16,0.8493703007698059
80f6b30ece8c,0.09226694703102112
80feb1f7ca5e,0.25187063217163086
810d3779abd9,0.24044634401798248
810ed108f5b7,0.6742154359817505
8114d6a160df,0.3140774369239807
812d5adafaf2,0.0026162697467952967
81371b0c01ad,0.23915289342403412
81704925f759,0.7565941214561462
8185ce1cdcef,2.430394852126483e-05
81914ceb4e74,0.00026255505508743227
8191ae701985,0.8976761698722839
81b0a2651c45,0.4148992598056793
81bc03e2ff2b,0.5090799927711487
81d79d53ed7b,0.5947520732879639
8201cab8322d,0.9090208411216736
82088c6734e6,0.0003685233532451093
821789e9053f,0.001128301490098238
8241e43408a8,0.0002885329886339605
8273fdb4405e,0.03534528240561485
82910bba4753,0.0019454798894003034
82ac8463fadd,0.010251755826175213
82bb8a01935f,0.9113646745681763
82d364726a58,0.0011340843047946692
82deb07a6618,0.3117809593677521
82e5bc01f8a4,0.0006877397536300123
82f2784ead76,0.03409068286418915
83038ca49b6d,0.12208471447229385
830e297965a1,0.051008570939302444
8329e80c10ac,0.0004376094148028642
8344c783da65,0.0051825460977852345
83517eaeccb9,0.002076508477330208
835b9f6e12ba,0.175493061542511
837acf120946,0.044656455516815186
838b3e4d0bb4,0.012529696337878704
838c87c63422,0.9435492157936096
83a63c4a3e4a,0.004680500365793705
83b61051737f,0.02030685730278492
83d6e40c869f,0.0013214192586019635
83d81ba5959c,0.07891804724931717
83df53d58f28,0.0030468397308140993
83e529e95b0e,0.15271855890750885
83fda7c0500b,0.04010334610939026
840527bc6628,0.0066920677199959755
840a06a9c690,0.0017167453188449144
8421107255ae,0.4361083507537842
842d697884f6,5.814647374791093e-05
8433a032b96c,0.5950383543968201
8446826853d0,0.1918012499809265
8448af27ba07,6.500266863440629e-06
847b04287c9c,0.005230307579040527
848e66b9e199,0.015556041151285172
849a91e9ab28,0.15384896099567413
84a72e15b23c,0.032560136169195175
84b472c49cfa,0.009979244321584702
84b4da14bc23,0.05044528469443321
84b79243e430,0.007924997247755527
84b88e8d3bca,0.034633368253707886
84c663f39632,0.843159556388855
84e8c62165b5,0.23806172609329224
851e40a21f81,0.07328680157661438
8543a801dce0,0.0017125182785093784
855f0a5442b6,0.0478021577000618
8564b7aa3c1a,0.011488745920360088
857002ed4e49,0.0066920677199959755
857230f64a2e,0.04800151288509369
8596a24a14bd,0.0012349901953712106
85cbb84ac8e0,0.006628572940826416
85cc6d636898,0.06250675767660141
85f99e7e4052,0.0031415200792253017
85fce24084da,0.7129262089729309
86410aa13b3e,0.04865502938628197
8650d32f4a9e,0.13989190757274628
8660e1864665,1.9517414330039173e-05
86722fcd802c,0.11413534730672836
8676427e4625,0.28592637181282043
8688f3d0fcaf,0.058860816061496735
8693ab1fd2be,0.12269728630781174
869bbd3170cc,0.00813332013785839
86b3a7929bec,0.26815515756607056
86baef833ae0,0.39379337430000305
86d58f850a0c,0.006313518155366182
86d6808f0609,0.2599707841873169
86e7f98f73f1,0.5394399762153625
86fbac86ed3e,0.0013616137439385056
870f433e8f37,0.0009946167701855302
870fbe6eaa68,0.03721898794174194
8714d17bb6da,0.420028954744339
87295c5fa1cc,0.0003037549031432718
873dcc0b468f,0.12264925986528397
873fe0404d6e,0.006998921744525433
874f8c1929f6,0.048705995082855225
875a2fc5fe23,0.048380620777606964
875d2ffcbf47,0.0025543677620589733
876deb29f000,0.864855170249939
876e1dd12d38,0.04276967793703079
87774aafe068,0.004891629330813885
8785b71238d8,0.9735593795776367
878a3a097436,0.25187063217163086
878e356c8fc9,5.065380173618905e-05
879744b9dc65,0.0007403983036056161
87a9f4d20f07,0.0001252887595910579
87b1938994b5,0.0046627456322312355
87b671c6d4c5,0.013349627144634724
87d46b1cc4e9,0.8684439063072205
880edb2cdb69,0.0010602185502648354
881ec6186e68,8.490796062687878e-06
882a71de424e,0.8021934032440186
883c6a184f16,0.0007991369348019361
883ddb650967,0.0010537183843553066
8846b09384a4,0.6317689418792725
885fa5fc5da8,0.0016895448789000511
8860c7b11530,0.09800801426172256
8871e6a26596,0.0004497300542425364
887c26fc0e1f,0.019415799528360367
88e4399d207c,2.4577722797403112e-05
88e5051f65bd,0.31622597575187683
8906c9ed54a2,0.6635763049125671
891329021e12,0.005228343419730663
891392c9683c,0.8100220561027527
894a37fc3738,0.8635995388031006
8958a4d17b7e,0.002994592534378171
895fe2bfc5b6,0.6896783709526062
896ad584a841,0.08232056349515915
898f0bc8acfa,0.9409220218658447
89b044cbaf85,0.003852573689073324
89b725411cee,0.0014781570062041283
89d2a7403a06,0.7265406847000122
89d9c071a56f,0.02079050801694393
89ed6a0dd53f,0.043278131633996964
89ee1fa16f90,0.26303473114967346
89fc080f7e83,0.1044447124004364
8a01daa423f7,0.21423427760601044
8a234d68b27e,0.06770598143339157
8a25a080f28f,0.023129792883992195
8a3eb86ae4bd,0.8764603137969971
8a482c024fc2,0.0007457538740709424
8a67f1efa315,0.0004400160978548229
8a759f94613a,0.029090488329529762
8a7765e785fb,0.0975695475935936
8a81f62320d6,0.0005462975241243839
8a87dd2a784e,0.6835207939147949
8a8a251770cd,0.02384720742702484
8a9bef2fbd4e,0.16438771784305573
8aa3c4681542,0.0005840567173436284
8aab201c0691,0.08858425170183182
8ab3faa3701f,0.5776782631874084
8ab8d9b3ce3f,0.0005564537132158875
8ac0c44bbf24,0.9688693284988403
8acdf12f412a,0.00034970868728123605
8acffaf1f4b9,0.017893968150019646
8ae049175db6,0.9831167459487915
8af50c9d0a86,0.4498540759086609
8af6a4e5396f,0.6573079228401184
8b079e79035f,0.9475619792938232
8b26d3cd61e8,0.6866577863693237
8b568d47a1fd,0.0011483491398394108
8b58f9a338e8,0.9409236311912537
8b76c3c5cb3e,0.8085734248161316
8b8fe3fc8950,0.0269165001809597
8bad12d70368,0.661153256893158
8bbd7835e9aa,0.04224805906414986
8bc6716c2238,0.057558245956897736
8bdb891661a8,0.6593602299690247
8be6629a6039,0.00013056783063802868
8bed09514c3b,0.2779867351055145
8bf05909e1e1,0.0032192603684961796
8bf2d925dc0c,0.0018087538192048669
8c0d05233238,0.9599833488464355
8c29a76fa08c,0.006057386752218008
8c2f0f04e1ed,0.0012153792195022106
8c4ceddeb1c6,0.9684634804725647
8c7c26c52a6c,0.002938722027465701
8c84e96d9b01,0.005528043489903212
8c87bd748996,0.01030064094811678
8cb6b0efaaac,0.003097901353612542
8cb6b5b2f19c,0.02211057022213936
8ceff4c4c860,0.008532050997018814
8d13c46e7d75,0.004327364731580019
8d3d67661620,0.005103657022118568
8d4d14a4ab07,0.0004308454808779061
8d4ff745a409,0.0003863682795781642
8d62ba9cb22a,0.4267925024032593
8d7bb0649a02,0.008696647360920906
8d8aca52c07b,0.020131956785917282
8d9516ea3587,0.004154536873102188
8dafa62f9322,0.0002724355144891888
8db2ce991101,0.7306901216506958
8dba09a4e5ed,0.5046557188034058
8dc22e65c06f,0.8698309659957886
8dfa629ca74e,0.251125693321228
8dfff47b06b7,0.05585446208715439
8e20b8fac7c3,0.10185465216636658
8e2a3978c244,0.0010236859088763595
8e3b79e1f1f7,0.41190892457962036
8e4a354e3da2,0.800341010093689
8e63fc4ab532,0.015076423063874245
8e67f2d7e0ee,0.004048924893140793
8e6df9eedcd8,0.00025456116418354213
8e76054f0831,0.00012294827320147306
8e7981855125,0.5524885058403015
8ead17dfb6a6,0.6951191425323486
8ead8f37423c,0.5059739351272583
8eb3337a54e9,0.9613080620765686
8ed586c43023,0.014067732729017735
8ee50c26fc13,0.02136690355837345
8eeac97f02f0,0.012225119397044182
8ef2eb8c51c4,0.1918012499809265
8f06ca4642bd,0.04705358296632767
8f10e41a2f02,0.08310860395431519
8f14bca04b47,0.8115746974945068
8f1e7433a95d,0.002468705177307129
8f2996b8d855,7.219935014290968e-06
8f318a978844,0.9551334977149963
8f9819752ca0,0.0023308475501835346
8fbb2ca39911,0.0009394093649461865
8fc09fecd22f,0.36757799983024597
8fd7ad26e691,0.03677821531891823
8ff2733f6aef,0.8688389658927917
8ff863f8874f,0.9919913411140442
8ffa608170d3,0.17424942553043365
901a3552fe26,2.029939423664473e-05
902dc5a91a3f,2.0660983864217997e-05
9033f1493da1,0.8698492646217346
9039cbfcbb2f,0.7655534744262695
9041eb43456e,0.4670701324939728
904b03ad5594,0.9880462884902954
905cc86bf100,0.039598867297172546
906d02fb822d,0.07889742404222488
907aaff827e5,0.22454619407653809
9095d43fb132,0.04315301775932312
90960ddf4d14,0.8554559350013733
90a786abe58e,1.45702024383354e-05
90a9a41eec6d,0.0024590317625552416
90b8bf342032,0.00534576503559947
90bde2ff8953,0.0001548222644487396
90c982cc2d96,0.004858468193560839
910bfd38e2f5,0.548024594783783
9122b31414d3,0.010633942671120167
912fbe06407e,9.238893653673586e-06
913490237ad4,0.021139487624168396
913b1890ed1e,0.0004803567717317492
916915f01e17,0.001503701671026647
916ec976ff30,0.0018073397222906351
917f76f360b6,0.06351086497306824
91a88d3b0358,0.038865841925144196
91b6ebaa3678,0.004800741095095873
91b7a4179ecf,0.0013716290704905987
91cbe1c775ef,0.01261092908680439
91cf56d3d1af,0.06987319886684418
91e2c2890c9f,0.9875962734222412
91e82fe4e434,0.001487865811213851
91e8af9ceee9,0.846197247505188
91f3c4c1e72b,0.444443017244339
921433215353,0.965117335319519
922586d86cd8,0.0037150350399315357
9232dc06cfdc,0.0015400933334603906
92587e494d51,0.7180386781692505
9274e75dc4d5,0.0008631763630546629
9287e57326d0,0.8842925429344177
92889b863ae6,0.029676666483283043
929cd3867815,0.8717642426490784
92b0d27fc0ec,0.00699721509590745
92d8a7c8e718,0.016489898785948753
92d9e9f08709,0.005241506267338991
92e3d608fd3c,0.0002709117252379656
92f313287a29,0.011888733133673668
92fcf50b3562,0.9533178806304932
930fee99213a,1.2933212019561324e-05
932181b93b2f,0.00042584174661897123
934104859e68,0.01930389739573002
93421787f520,0.002277432708069682
936299166bea,0.13632380962371826
937bc1b924b1,5.13600607519038e-05
93802d1e3c41,0.02062128484249115
93a1b984de84,0.004910964984446764
93be637084a2,0.0608578585088253
93d6d20a5ee3,0.002058016834780574
94076a9fb9b5,0.0005014497437514365
94111ed3d276,0.12234070152044296
94145d1f42cf,0.8166597485542297
941d874c8afb,0.0005394984036684036
942f544c4e15,0.0022501912899315357
94372043d55b,0.0007425832445733249
944a233fbf8e,0.00010503020166652277
946545473380,0.00036175051354803145
949710bead24,0.0003197527548763901
94a67ec0714f,0.014687243849039078
94b1d8ad35ec,0.6023237109184265
94b9ccc73bb9,0.9929482936859131
94dcb491143f,0.8462370038032532
94ef1d14597f,0.05325749143958092
94f9ecf4b8d2,0.10219970345497131
9519a590985d,0.0012264001416042447
956765d5f46d,0.0846572071313858
9568eb7e9c08,0.934529721736908
958c1fa044ba,0.003654064377769828
959bb2d01091,0.4968472719192505
959dc602febc,0.028043916448950768
95a4cc805c7b,0.8010510802268982
95e732e043a1,0.9855225086212158
962c0fc85e13,0.08263953775167465
962cf85e4f6d,0.0021234077867120504
966c07831334,0.0006114912102930248
96793edb1003,0.0035181136336177588
9688c6ef5dc5,0.032798707485198975
969f92a390db,0.0048799957148730755
96a9706b8534,0.059921372681856155
96b5474ae604,0.11077327281236649
96c3e3db68bc,0.3157768249511719
96c699221180,0.006756794173270464
96ce10a1dbd7,0.00010711764480220154
96d48b073f18,0.4446127116680145
96ea316ed0ab,0.0201620664447546
971bb98ab935,0.14848613739013672
973b0facfa9b,6.753670459147543e-05
974c7d7b9c64,0.019193388521671295
975252e325e3,0.0018331698374822736
976082127e2a,0.021162575110793114
977e1ca77653,0.11227769404649734
9782c0489eca,0.08088593184947968
9785805af1b8,0.21327978372573853
97a235367f9d,0.05332168564200401
97a5ad7548b7,0.0018350265454500914
97bf61736b86,0.04555516690015793
97c6cb55866d,0.18442265689373016
97d02a9b94f7,0.00013886290253140032
97da093947e8,0.6892023682594299
97f290d31813,0.012147662229835987
97fdee242fea,0.04109267517924309
98104c8c67eb,0.004695810843259096
98277aeb96a7,0.28124919533729553
9837048b85dc,0.003787081688642502
983c98354e9c,0.18156632781028748
98441214557f,0.0010161306709051132
9858cc2ae073,0.25227591395378113
9859e2a6cc24,0.010603979229927063
9870ce41cac4,0.2701694965362549
9878db94d9f3,0.017514880746603012
98d41bce73a8,0.1650739163160324
98e44127872f,0.002534320577979088
98e8adcf085c,0.9020330905914307
98f48850ebce,0.00028552309959195554
98f7136d2e7a,0.5739216208457947
98fbe56dcc2c,0.11387964338064194
9904939ab83d,0.14038130640983582
9910c827e2fe,0.06499040871858597
99132193eaa0,0.1472371369600296
991a0b7a8c87,0.013627506792545319
99240ee00485,0.001376605941914022
992599744a23,0.030607081949710846
992b9a07b25f,0.9222847819328308
996f57c86ba5,0.2548031806945801
996f9bba4ef0,0.00749847711995244
9985375d709f,0.0002632812538649887
999115d9386b,0.22006045281887054
999ad827ed35,0.01396945770829916
99c626e58464,0.04669742286205292
99c6a123ed6a,0.07093866914510727
99e8bf998285,0.8753325939178467
99ecdb41d5e7,0.01760348305106163
9a1029536d78,0.00047719862777739763
9a159d4674cd,0.03546401113271713
9a28d4e8aef0,0.19071097671985626
9a3109657ac1,0.0011996272951364517
9a326446c431,0.24750395119190216
9a3c03a5ad0f,0.01719159260392189
9a496b1e20f9,0.9653311371803284
9a4f370d341b,0.019344719126820564
9a56cfb980ec,0.6563295125961304
9a78c6a7b1c2,0.029489124193787575
9a7bd084395e,0.060937218368053436
9a94e0316ee3,0.0019000227330252528
9a9b21215c55,0.9842023849487305
9ab18a4a957f,0.9769178628921509
9ac2e3e9fca5,0.0006174048758111894
9ac41b9a809e,0.0026691965758800507
9ad92f1c1542,0.6678996086120605
9ae54843c69a,0.9108231067657471
9b093fe95d6b,0.043011073023080826
9b0eb9f41da4,0.3149029612541199
9b32e8ef0ca0,0.3251078128814697
9b418ce42c13,0.027449602261185646
9b4fc15df3c8,0.8963932991027832
9b57e43b44e7,0.3033207654953003
9b70f84400af,0.004666989669203758
9b7b6e4db1d5,0.0025953217409551144
9b95d6203406,0.5461235046386719
9ba469af2980,0.09106849879026413
9bafbbd152d2,0.4048713445663452
9bbb6c455913,0.013627922162413597
9bd008aab548,1.9640590835479088e-05
9be0683649ff,0.8550617694854736
9be71d6d7e59,0.0014625464100390673
9bf060db8376,0.01791440136730671
9c088d2d1559,0.9928534626960754
9c14ce27cbfc,0.9535548686981201
9c514d2d5b3f,0.005441885907202959
9c52b87d01f1,0.22275027632713318
9c5dd3612f0c,0.6401383280754089
9c6512166557,0.19117538630962372
9c72ed6befa0,0.7622690796852112
9c893e16c055,0.021438241004943848
9cc6b1f9bcbd,0.15084461867809296
9ce46d400cd6,0.03834637999534607
9cedf5c7016b,0.13605952262878418
9cf7c1349673,3.324436329421587e-05
9d1feed37610,0.011793087236583233
9d62478042b6,0.00012208143016323447
9d74428188bb,0.0003635105676949024
9d75de31f1b8,0.01036605704575777
9d98a0b585f2,0.001273184665478766
9d9bfefa809c,0.0005113973165862262
9da74370835a,2.1104671759530902e-05
9dab2e6ba44b,0.450532466173172
9de9421f17e3,0.16421863436698914
9df31421cdd2,0.23969876766204834
9e2058917304,0.0002164751203963533
9e2a8135f471,0.0005174840334802866
9e2ba2b979f1,0.7668656706809998
9e3510963315,0.3288930356502533
9e5737f771c3,0.6900632381439209
9e5ec293267c,0.10530734062194824
9e7a63b2fc6a,0.0005192653043195605
9e99ae6ee7af,0.06367388367652893
9eaac43744f5,0.03927360475063324
9eaf735cf01f,0.7635634541511536
9ed666e982cd,0.00019360118312761188
9ed6c2b25767,0.00519315293058753
9f1b14dfa14c,0.7306625247001648
9f1efb799b7b,0.1716107875108719
9f285b3e57ed,0.00012151141709182411
9f37c98b8187,0.17856436967849731
9f4132bd6ed6,0.0025953217409551144
9f436886e056,0.2568186819553375
9f5a8665cf2e,0.0011854615295305848
9f8112c710be,0.004700136370956898
9f935fb38440,0.966535747051239
9fa02dfb5553,9.796432095754426e-06
9faad91b6578,0.3482048511505127
9fab29e69a6b,0.9750863909721375
9fefe2b44795,0.058968547731637955
a00b4cb250a7,0.004327103029936552
a01024054596,0.47061771154403687
a015ce4f51ad,0.10834857076406479
a01c590c444f,0.0016273909714072943
a0267206d51e,0.09007405489683151
a02dfd67a925,0.016409872099757195
a0445785e2f7,0.10636699199676514
a04fb36db784,0.08611688762903214
a06a63d866b2,0.437212735414505
a06b353e7bed,0.682312548160553
a06e41bd2634,7.926583202788606e-05
a06e5ac695ce,0.906939685344696
a07d571bf7ba,0.0027143864426761866
a07d9a5045cb,0.00032913763425312936
a07efb1ecfc0,0.8943874835968018
a08a0133754a,0.03314058855175972
a0a0cd8af5a6,0.21363352239131927
a0adbe677508,0.0001050422215485014
a0b7ad98df57,0.009595684707164764
a0cd7bffdaa0,0.9967290163040161
a0d04a19cf40,0.007033361587673426
a0e635689259,0.05426892638206482
a0fd94e2ad76,0.006729915272444487
a11bf2edd470,0.01690414920449257
a11c62cb3f86,0.10165831446647644
a125377fb985,0.10499686747789383
a12ca80bb8c7,0.11045181006193161
a14bbd9a583e,0.9849964380264282
a14fcf84bfe1,0.0009603542275726795
a150ff5dfe07,0.005253226961940527
a15470303941,0.06616632640361786
a15590a7d774,0.005572743713855743
a15652b22ab8,0.3251078128814697
a1822dd8d05d,0.9342824220657349
a182b5b191de,0.53190016746521
a1872f9c0cba,0.10996297746896744
a188c60b93fb,0.0004268950433470309
a19507501b40,0.11404647678136826
a19ecd0a706e,0.00022624597477260977
a1b12fdce6c3,0.1555311232805252
a1b28bcbce00,0.39141958951950073
a1e236fbc863,0.6419371962547302
a1eb88562239,0.22558875381946564
a1edf0e66592,0.00012864143354818225
a1faeb4d5f10,0.0012983869528397918
a2163f0c2af5,0.018575645983219147
a21b37719f9b,0.19398197531700134
a247961a5cd9,6.94171103532426e-05
a2696f444ecb,0.24268941581249237
a26f50218b84,0.290213406085968
a2811f512c1c,4.432268542586826e-05
a28bfb772f50,0.29986056685447693
a2ad3da4c7d6,0.012584961950778961
a2b97d98f130,0.24878069758415222
a2b995b81692,6.31558577879332e-05
a2d349f567a6,0.0018319025402888656
a2ddabee14e9,0.0336492620408535
a2dff8dbc9f8,0.3287869095802307
a30a143a53a3,0.0035615914966911077
a3132c8828e4,0.8894732594490051
a32886cb31ab,0.03612348809838295
a32b5ce3d48a,0.1977977156639099
a3475dc3ac80,0.008333705365657806
a34fc5376669,0.012773467227816582
a3706ce27869,6.463854515459388e-05
a3802934bad7,0.12846621870994568
a384e688e228,0.015192372724413872
a386ec9aabde,0.10462691634893417
a3957df90a78,0.0022155221085995436
a3ad6c2db6f1,0.012888372875750065
a3b2e93d058b,0.8143866658210754
a3bd2e034614,0.9690859913825989
a3d2a0c4cd17,0.0017460952512919903
a3fcf42ff56d,0.01004753541201353
a4012932e18d,0.07889742404222488
a419fcb2dfb5,0.6480814218521118
a4359815f152,0.6563610434532166
a44345b27804,0.00688320305198431
a443c4fd489c,9.890463843476027e-06
a45c30da0c72,0.040014926344156265
a45d77edf8d9,0.003519211895763874
a47432cd41e7,0.7826784253120422
a476fd984005,0.12295421957969666
a47878630dc2,0.9717345237731934
a484bdf85b4c,0.0005657214787788689
a49b0b4484ea,0.9256472587585449
a4b8de38eac1,0.22981402277946472
a4d41c495666,0.40082472562789917
a4d4b69f7404,0.04088239744305611
a4ee03ecff60,0.020910445600748062
a505981d1cab,0.521848738193512
a528be013a04,0.0004433769208844751
a53d6d2472a6,0.0003880420990753919
a56230242a95,0.3820728361606598
a56729de89e9,0.051593344658613205
a5a2a7003d60,0.00020915712229907513
a5bb85afc6e8,9.544357453705743e-05
a5c9a8c726b2,0.13327951729297638
a61723fc38c2,4.474226079764776e-05
a627eb8c08c5,0.7017814517021179
a62e995f167c,0.9891497492790222
a62ea0043aa7,0.06540323048830032
a6356a3c5d11,0.2672794461250305
a64273801bde,0.20315119624137878
a646c084928c,0.00018816071678884327
a654b25124c3,0.003493132535368204
a664d2055886,0.003137714695185423
a66c3165876f,0.41561436653137207
a673193cd5a9,0.007251564413309097
a6731dd737af,0.00023040652740746737
a688f20f8895,0.345034658908844
a6b6d27c1b32,0.7876394987106323
a6c9e96a10d7,0.04877433925867081
a6d45de20e4d,0.308494508266449
a70d0f12a641,2.236796035504085e-06
a721efb1e049,0.0795687809586525
a73c3d516c59,0.007993974722921848
a73d012c4c38,0.039844099432229996
a75bab2463d4,0.0010441701160743833
a76132e79688,3.693105099955574e-05
a763661f98a5,0.019992763176560402
a7673ac44509,0.5104246139526367
a76b69e443ce,0.968649685382843
a77dbec966d4,0.0009633233421482146
a77eb914b383,0.044179853051900864
a790a3b36390,0.005190655589103699
a7b03e58a6e1,0.0015926870983093977
a7b0d0c51731,0.10184893012046814
a7b7dc8788b9,0.0012927860952913761
a7c10ca6c117,0.0019362671300768852
a7ec056502e7,0.00332133867777884
a804cef3e51f,0.29033517837524414
a80dab8eddf4,0.06009608134627342
a81b06f50612,0.9935780763626099
a821b6ecef33,0.08337542414665222
a8263d248523,0.7899503111839294
a82a12ad3fb1,0.0496135875582695
a8582e346df0,0.92274010181427
a85cda5f725d,0.020194843411445618
a86128b601a7,7.097877823980525e-05
a8652b2de23f,0.6836738586425781
a86c6283fd78,0.5501297116279602
a879c3569552,0.0160654466599226
a87f53bc984a,0.026341238990426064
a88365134c3c,2.542134461691603e-05
a8854768549f,0.08382482826709747
a88f68b0b114,0.9569838047027588
a8a6588c8eb7,0.6965225338935852
a8aed92940fb,0.5558809638023376
a8b3c0961d42,0.430171400308609
a8b637abd96b,0.0004677835386246443
a8c54e2a4b79,0.0412130281329155
a8c950a99107,0.018579261377453804
a8c9fcdbc0be,0.14639373123645782
a8dea22ef903,0.00016307456826325506
a8e08e7fe016,0.04708506166934967
a8e88d4891c4,0.1478111743927002
a8eb35b3bcd2,0.001832578331232071
a93f1ea3ff4a,0.02804875746369362
a94da3d3b5c0,0.2522830069065094
a95858e052d6,0.596333920955658
a95d9d61ddd4,7.973777246661484e-05
a963ac561580,0.02729111723601818
a96ff96bbae5,0.08934978395700455
a987aa7aac37,0.0001786163484212011
a9a28c37c8c4,0.23920024931430817
a9a3225cf4b5,0.002097197575494647
a9b3177f01c0,0.24416860938072205
a9bc2f892cb3,0.00019245839212089777
a9c7b83caf81,0.2142558991909027
a9d0c900b6a9,0.9192438125610352
a9dc80cba9a4,0.4139752984046936
a9e3d186cd1b,0.018973838537931442
a9e984b57556,0.12299539893865585
aa0afc41ed19,0.05760716646909714
aa10a4b2e709,0.000214401661651209
aa31bc6b8f4d,0.004706390667706728
aa4407aab872,0.0003721266402862966
aa5ce75edcf5,0.022113222628831863
aa60813e1a8d,0.04553951323032379
aa6242f9e08c,0.21392546594142914
aa6673241154,0.02240990288555622
aa841de1ee82,0.03856506943702698
aa8a1e814811,0.053801100701093674
aa94cc4bfd84,0.002974591450765729
aa9b8f05f4bf,0.004509895574301481
aa9cfe639ef1,0.0002572094090282917
aaaadb174012,0.14054739475250244
aabd867043cf,0.04103768244385719
aad0c0ee9268,0.000524862960446626
aae8f9f3ef8c,0.0033277440816164017
aafb0c944f14,0.0008235356071963906
aafe980edd0c,0.00018110129167325795
ab03d50bba2f,0.677146852016449
ab1c20a94f3f,0.9987896084785461
ab32db41c409,0.0029293056577444077
ab3c505b624f,0.2590455412864685
ab50123abadb,0.14234450459480286
ab653b8554c0,0.0028448286466300488
ab686895533e,0.00020130375924054533
ab724603ee93,0.8268172740936279
ab78a66dee6a,0.05775413289666176
ab7991df166b,0.9332370162010193
ab88081e5654,0.6348791122436523
aba3063c5413,0.39574623107910156
ababe19ed448,0.00011209047079319134
abbb8791785e,4.209631879348308e-05
abdb365cacbc,0.003358607878908515
abe940882578,0.05887196213006973
abf09c44d5f4,0.010954316705465317
abf0f56c6f12,0.7504486441612244
ac0a48ccbf70,0.126365527510643
ac1667fac512,0.0023503038100898266
ac17cc18a994,0.04140575975179672
ac2c814949f9,0.12980182468891144
ac5b5dddf91b,0.4521608352661133
ac720570dd0f,0.9411904215812683
ac81fc200162,0.32307982444763184
aca88f566228,0.004861752036958933
acc9f29538c4,0.003923334181308746
ace2281f00c4,0.0661390945315361
ace287a5c991,0.0011044855928048491
acf976efd7ce,0.001529417815618217
ad029ba7fa8b,0.9879918694496155
ad12cde115ab,0.3818453252315521
ad1aa75d5630,0.9495629072189331
ad1f7445b1a8,8.915799844544381e-05
ad20080452de,0.0005409267614595592
ad2f0b9d059c,0.14520873129367828
ad312ca98202,0.0012615637388080359
ad3fc5076852,0.06597927212715149
ad570b850a4f,0.2734060287475586
ad6b07d5c338,0.6666191816329956
ad93d88c87ea,0.02722657471895218
ad944bd56bb6,0.11893969774246216
adb56cecafaf,0.00014848678256385028
add1d681d712,0.29745492339134216
addf66a50f42,0.0025655010249465704
ae1344610ebe,0.04241890832781792
ae20112e7a1e,0.034509312361478806
ae2c3f6312ef,0.0017995275557041168
ae2e888905ba,0.9512907266616821
ae49cc60f251,0.003353580366820097
ae57c8630249,0.000364619743777439
ae58ccb5905e,0.003815008793026209
ae5d31979f19,0.0021234683226794004
ae61e19fb766,0.8252161741256714
ae8424cdb029,0.006226822733879089
ae8472f8d310,0.00013045234663877636
ae94ce412de9,0.24405010044574738
ae975c43bd8b,0.0011796633480116725
aea59ebec445,0.336642861366272
aeab0a63bcaf,0.934971809387207
aeb6f4fd2eed,0.07063084840774536
aebe87a423c8,0.352019727230072
aec51513cf45,0.4323315918445587
aeccef0bdc26,0.0006696251221001148
aed4e743c230,0.007439951878041029
aeed1f251ceb,0.001474732649512589
aef9016557ca,0.006159013137221336
af133a85ea0c,0.00745006836950779
af345c68e836,8.089763286989182e-05
af3b0115aad1,0.025268467143177986
af5a0bc4e1fa,0.06066650524735451
af6166d57f13,0.563287615776062
af6a1508cd95,0.26635628938674927
af7a36454670,0.003637132002040744
af828dab3ffc,0.34837406873703003
af831c158744,0.02817431278526783
af87d48ffe01,0.027394505217671394
af8aa32beee4,0.003162748645991087
afc345cc9145,0.37175923585891724
afc744fad65e,0.0034611595328897238
b019a49787c1,0.9173899292945862
b033ab4fb723,0.0763879045844078
b05922e7abd3,0.01005350798368454
b0619ca93a5f,0.006248591933399439
b06dabab4f09,0.29479506611824036
b07bc463b718,0.38876375555992126
b085caa513a8,0.38998591899871826
b086c7cd3868,0.00021557847503572702
b09101adb478,0.00039225525688380003
b0acd3593310,0.21698205173015594
b0b3b16fc305,0.004610613454133272
b0c9a492e068,0.8883131742477417
b0cc9f8d06e4,0.03337154909968376
b0d35981708b,0.03319172188639641
b0d6417bad3e,0.3932279944419861
b0eeae01b8ab,0.0022129840217530727
b0f0fa677d5f,0.0009324796264991164
b0f8613305a3,0.0038879048079252243
b10fca20c885,0.00872171763330698
b1197f2cc9b3,0.0708216205239296
b11dcdcbc8c8,0.03889952972531319
b13d72ceea26,0.46711602807044983
b16dd4483ca5,0.011008508503437042
b17f0b81dab3,0.001992840552702546
b187b3c93afb,0.3288930356502533
b191ba0a2b12,0.9900484085083008
b1b3e7d0a5f3,0.755946159362793
b1c6f0997e27,0.041165269911289215
b1f4122fd36a,0.9391632676124573
b200c23b299b,0.04622897505760193
b21abe5d9722,0.9890093207359314
b22354b5f94b,0.04270457476377487
b22cc1bf0b8a,0.003383625764399767
b2748ac28fc1,0.01257936842739582
b294927b14b0,0.0015625845408067107
b2aaa81cc8f0,0.1633298099040985
b2b79b37d314,0.014002086594700813
b2b7ccd34cbd,0.0032650884240865707
b2ffa3e18559,0.7392455339431763
b310bd564329,0.11012750118970871
b351ae99413a,0.00013396255963016301
b35cad8fe2d7,0.4213109314441681
b376def52ccc,0.6555995941162109
b37aae3c8fe1,0.10746847838163376
b3819a805dca,0.12612922489643097
b3a994760537,0.00045506123569794
b3c0c3330278,0.421047568321228
b3d12069e1c5,0.9708988666534424
b3d135bd3bb5,0.0033328053541481495
b3f31c371e59,0.000400532444473356
b402b18d99a5,0.4397358298301697
b402daa0864c,0.7544228434562683
b43440c6ebe4,0.11119947582483292
b460ca9fa26f,0.07185275107622147
b468ebf5cb11,0.026076484471559525
b46b09a45f39,0.002116790972650051
b498b84d383f,0.002250762190669775
b49b2fac2514,0.0010706756729632616
b4b04d81acbb,0.0007373769185505807
b4e15102cd7a,0.6961709260940552
b4f41b5bf0ef,0.0013372499961405993
b50b30aa6e6c,0.18447253108024597
b5204c0decc7,0.0015469335485249758
b532dedd928c,0.9946293234825134
b549af91bd30,0.0016444307984784245
b553e7909535,0.0018609237158671021
b55d2ddb3e75,0.20860101282596588
b56340f472d2,0.1015404760837555
b574d229ec4c,0.10365108400583267
b576c5269ad1,0.029394187033176422
b5834ee64541,0.09245593845844269
b598bc9753c2,0.011468845419585705
b5a3ca5c0a80,5.9565154515439644e-05
b5b913358b32,2.613228753034491e-05
b5bf7b84fc66,0.010496017523109913
b5c80d0ed0ff,0.0002793294261209667
b5e6ae31493c,0.0994613915681839
b60dbf9f0744,0.010514351539313793
b6304c545f95,0.9929766058921814
b640e3bdff75,0.0005263318307697773
b64e1eef3d63,0.2272675782442093
b65ff67743b2,0.8852335810661316
b665041e1633,0.9675878286361694
b66f23ffa730,8.310466364491731e-05
b67ae80f7eba,0.16356946527957916
b69c224edd6e,0.07243406772613525
b6a0e348a01e,0.009621149860322475
b6bf847fbcb2,0.001139802043326199
b6bfe9db60e5,0.1839815080165863
b6d9974443ce,0.32406026124954224
b6fd109b1bc9,0.9617478251457214
b70cb31b9abb,0.09034238010644913
b70e7c26f51e,0.0009247608250007033
b71428739d4e,0.0003824322484433651
b7278b4f2448,0.001619034679606557
b72a86d61959,0.00017429006402380764
b72f59b85f7c,0.30312487483024597
b73d0bcd3d33,0.9958499670028687
b746a6681ba9,0.36321401596069336
b74de20d73de,0.04559384658932686
b759cbef90c5,0.01754133030772209
b762c29cf2f3,0.0011880514211952686
b77b88926843,0.0001983774418476969
b77b8a1f09f1,0.21801665425300598
b7983cb3f270,0.00024186591326724738
b7a1bb106051,0.000644826446659863
b7aca95b97b9,0.001160849817097187
b7bd4a6627b6,0.0028386658523231745
b7ce561a7328,0.0003153849393129349
b7e0f95353f2,0.07295583933591843
b7f0bc7d399e,0.0078085423447191715
b8297a2291f5,5.2754247008124366e-05
b82d5f1f1145,0.6971028447151184
b82dfa63a75f,0.629213809967041
b835b6e31a59,7.692484359722584e-05
b83a6eca125f,0.17680102586746216
b842b43cb7fb,0.25536048412323
b86fb2d5be1a,0.000403379846829921
b87f9c59748b,0.3763115704059601
b89938407ee6,0.013406932353973389
b8ac328009e0,0.06202465295791626
b8dab47a260e,0.0002027484733844176
b8e20c076b03,0.001970341196283698
b8e9a8f4617d,0.001646234653890133
b8ebedd382de,0.7826784253120422
b8f1b30877db,0.9521042704582214
b8fb9f55cd6d,0.4543406069278717
b90bc89ce8d8,0.6340093612670898
b9127e38d9b9,0.007903252728283405
b91ef82e723a,0.033883802592754364
b927a9238434,0.1390797346830368
b92eacd1392a,0.005009989719837904
b94c58d063bf,0.980406641960144
b9519abce0c1,0.7582705020904541
b95d4dd8e5e2,0.00821201503276825
b960142a8de7,0.1336880773305893
b963a11638f2,0.40888044238090515
b96b518596b3,0.031122026965022087
b98f77098b9d,0.014160791411995888
b99794a0beed,0.0011695375433191657
b99afe7137fb,0.5759003162384033
b99c825b93c5,0.11088281124830246
b9b6ee2b9453,0.02193715237081051
b9b99dad668d,0.012318220920860767
b9bc81fcb075,0.0009194393642246723
b9c7c5182075,0.014659755863249302
b9d0b83d70c3,0.8555701971054077
b9fe7da14a32,0.11228656768798828
ba0107fb1bfd,0.017886921763420105
ba08cee68c71,0.14604543149471283
ba25f947f4ec,0.2751755714416504
ba2624883599,0.007407671771943569
ba2ea9182090,0.0011251410469412804
ba4d2c4b3039,0.010274128057062626
ba4e62c11cc0,4.9736587243387476e-05
ba735b286d62,0.4678663909435272
baaca2f7e1f0,0.9401423335075378
bab776139279,0.900571346282959
bac1744955c2,7.992098858267127e-07
bacfa2b8e706,2.128342202922795e-05
bacfb1029f6b,0.0012027033371850848
badb5ff8d3c7,0.5966848731040955
bb08949dd70a,0.002381999511271715
bb11db08584a,0.0379815548658371
bb2f89488ecd,0.01661362312734127
bb45257258cc,0.06465810537338257
bb5083fae98f,0.10416083037853241
bb733062f494,0.02476157434284687
bb752b179751,8.072780474321917e-05
bb783d8e496f,0.03199417516589165
bb7e0a2544cd,0.25360429286956787
bb85097857fa,0.029921220615506172
bb9a3d835a94,0.45426812767982483
bba38f2294a3,0.01070642750710249
bc23f74e14dd,0.9188976287841797
bc34ed91c9bc,0.1353519856929779
bc34f52c37c7,0.7393799424171448
bc73ce76ec43,9.400935232406482e-05
bc7bf19b84e3,0.002957697492092848
bc8c6a778cde,0.16114385426044464
bc92a61a1f9c,0.0013917861506342888
bca2bdc15fc5,0.92017662525177
bcb0498ed2c1,0.7058588862419128
bcc762618e7d,0.043146342039108276
bcd503c726ba,0.058155130594968796
bcdc8db5423b,0.11580996215343475
bd06028eb7dd,0.00015336777141783386
bd269a1f0e4d,0.7330926656723022
bd34a0639575,0.0026250588707625866
bd375ba756b1,0.7666388154029846
bd500a73beae,0.05852777883410454
bd5013540a13,0.01570006087422371
bd9904495ccd,0.2259175181388855
bda7ff3b1562,0.0016660492401570082
bda8c973b09d,0.9093546271324158
bda91b76095b,0.05213538929820061
bdb98063fe84,0.9412550330162048
bdc6c60e9133,0.6329508423805237
bde1063a5dd7,0.021484721451997757
bdf47b9f10c4,4.030853961012326e-05
bdff5d8bddf8,0.0266146007925272
be161517d3ac,0.027449602261185646
be197b663520,0.009619886986911297
be21d8b60e2a,0.00015942093159537762
be3a7d9e981e,0.6629425883293152
be521870a0ea,0.7337472438812256
be68322c7223,0.31971630454063416
be6cbf6e5b10,0.8213148713111877
be7bc89f5fec,0.020381003618240356
be7f791a7877,0.7606449127197266
be8697eb2078,0.03336074575781822
beb00fa6e7c9,0.7056431174278259
beb2ad14fd2d,0.9397615790367126
bebb3f167654,0.0011487570591270924
bebfbd907cac,0.015193129889667034
bec0acd539b2,0.009579266421496868
bed8296c8dfe,0.7832696437835693
beeca5f14618,0.002742985263466835
bf18ff30a8f6,0.11475495249032974
bf1b7e21e774,0.04576732963323593
bf6cbccacf39,0.9947330951690674
bf7047dc683c,0.05144398286938667
bf7221a016b5,0.00965446513146162
bf7b4eae7ad0,0.00031448263325728476
bf8092e4001d,0.06822487711906433
bf811911acf9,0.0013131704181432724
bf87aedf2489,0.0006534653948619962
bf9cba745efc,5.456856160890311e-05
bfa30ebf63a8,0.00022792353411205113
bfaa0080ab61,0.03895029053092003
bfb578c0e8d8,0.012667388655245304
bfd5c0e55420,0.0017715650610625744
bfda2fd0533a,0.0008333144942298532
bfdee9be1f1d,0.9335387349128723
bfe467b7e997,0.22733533382415771
bfefa7344e7d,0.06023573875427246
bff51afc76d4,0.015582204796373844
bffca6eeb2bf,0.0017666993662714958
c013e869acce,0.14341749250888824
c01eae4b4939,0.002968152519315481
c0202976c670,0.0005526250461116433
c027e5482e8c,0.92274010181427
c05b7b4c22fe,0.004861752036958933
c06024f05a16,0.006550528574734926
c096131ad065,0.0023193219676613808
c0968d41eb93,0.09370006620883942
c0a0828e01b4,0.004357956349849701
c0a117de7d0a,0.17190015316009521
c0e15e8e2b46,0.006243921350687742
c0e509786f7f,0.001474732649512589
c0f15fe3b4b7,0.029378050938248634
c102db7634d8,0.00029591392376460135
c12e9ca420a5,0.8663209080696106
c1437a7a52c9,0.019168121740221977
c1799a6f5c65,0.003913964610546827
c1819db0aece,0.10888251662254333
c1896142a20a,0.8959529995918274
c18a006f7f1d,0.0004807254590559751
c1c8550508e0,0.001615119050256908
c1e6fa1ad314,0.0032016753684729338
c1ebe785503a,0.9583131074905396
c21eb81de9fc,0.021112948656082153
c23ff6dcf15e,0.0722869336605072
c24bcf7a1bc4,0.00040093736606650054
c252da9b41d8,0.017110778018832207
c25e02b39c01,0.0008210055530071259
c261b1aaa828,0.11212947964668274
c26f98f58350,0.26205527782440186
c280730cc211,0.33923614025115967
c2a58b2cfd0b,0.057205166667699814
c2d2b4f536da,0.022688832134008408
c2f3281cf528,0.0007233718642964959
c31651ea04c6,0.4877827763557434
c334f8688b77,6.542862684000283e-05
c365c598ad4e,0.011149339377880096
c373b73a80c8,0.6093262434005737
c3789c1dab96,0.7549887895584106
c38dec54a9f7,0.022353246808052063
c3a82acb7d7a,0.003178882412612438
c3aa424eff9a,0.9843652248382568
c3acf47700ea,0.0011017685756087303
c3b15bf9b4bc,0.9949069619178772
c3c8fdda50c0,0.02919343300163746
c3cd0200df79,0.01320413313806057
c3d12a23f451,0.3087681233882904
c3e02d4a1798,0.03569438308477402
c406325360b1,0.09390642493963242
c40976189f22,0.0005207507056184113
c446985355f1,0.00402491819113493
c48ae5da188e,0.0004649045586120337
c4a8f2fcf6e8,0.00035655024112202227
c4aef0d88d1b,8.856366912368685e-05
c4e8b1ec8893,0.146196648478508
c52bb7343387,0.007885602302849293
c5431b81cbc9,0.004032244440168142
c546670d9684,0.09835674613714218
c561bcd519e9,0.049199435859918594
c56293f53191,0.003041372401639819
c568e5245ea5,0.0037734319921582937
c56e65f74187,0.8916729688644409
c57c164bca05,0.2392338663339615
c58971bcebb2,0.934645414352417
c58e5c0c5b33,0.002324115252122283
c597ef460944,2.9609680495923385e-05
c5a0e84e955d,0.39312201738357544
c5a6f432a1ec,0.8838596940040588
c5a9ebef1517,0.005318956915289164
c5ad60521f8c,0.30449265241622925
c5b58cc992af,0.16204041242599487
c5ba9e455d5e,0.008677712641656399
c5bec7f1e5f3,0.002695750445127487
c5e238aa18be,0.5601683259010315
c613db1cab27,0.023850977420806885
c6229222bf22,6.412148650269955e-05
c62585bd68fb,0.02360435016453266
c62cef02efa2,0.0003376374370418489
c639d837f5e4,0.4059143662452698
c64c0966b4cf,0.05651329085230827
c67117c6ab3b,0.6766301989555359
c68dfa021d62,0.9074357151985168
c6916bc42016,6.849501914985012e-06
c6a145742708,0.017363544553518295
c6a2975228af,0.9592152833938599
c6a8f8f998a2,0.0012755091302096844
c6c2bad91f23,0.01771041564643383
c6d4e4a3bd4c,0.00010928784467978403
c6e1e9fbf39b,0.0016088606789708138
c6f5b5b5be41,0.013014902360737324
c704bd669f36,0.0016488141845911741
c70d09370109,0.005343131721019745
c739ff9580d3,0.943636417388916
c73c5f6ef664,0.278094619512558
c755a0c4edcc,0.7541647553443909
c76664770c07,0.8686191439628601
c7b622ec8104,0.1807434856891632
c7c0470bcf87,0.9512461423873901
c7c3d363bc86,0.026656748726963997
c7d0deb71576,0.024788154289126396
c7e827fc7f41,0.0025886683724820614
c80b0f27541a,0.31139200925827026
c80f79579fed,0.014758558012545109
c81c6911f5e0,0.036219749599695206
c85b79d70079,0.25510701537132263
c87493ed320c,0.7659808397293091
c8823cdaf7fa,0.13690710067749023
c8905b8d5cf1,0.9067614674568176
c8a3eb9a5b52,0.8166245222091675
c8d2d32f7f29,0.8635157942771912
c8fc0df22999,0.14594215154647827
c90c6b94cf40,0.7050653696060181
c947bb6cf9f6,0.9280002117156982
c9485c38fdd5,0.017377568408846855
c94f37085d0f,0.40773922204971313
c96f743915b5,0.4776575565338135
c97472ef2c66,0.5734185576438904
c98f623d08d1,0.01545964926481247
c9c563864ab1,0.9414480328559875
c9d42d7534e0,0.06463325023651123
c9e697117f3f,0.0004010146076325327
c9ea9d5eab65,0.0004229751357343048
c9f0dc2c8b43,0.6401383280754089
ca05f7e7801b,0.07656440883874893
ca0f1a17c8e5,0.21798089146614075
ca1036496659,0.012998705729842186
ca25745942b0,0.011251571588218212
ca2b54b95ade,0.03618137538433075
ca30a97e9d13,0.14431338012218475
ca360bec5851,0.0558159276843071
ca63fe4f4b52,0.003884480567649007
ca6842bfcbc9,0.92274010181427
ca7140ecf389,0.15936154127120972
ca7570c5925c,0.01979067176580429
ca7f5caddf96,0.46569347381591797
ca891d37a43c,0.016109146177768707
ca9c912ebad7,0.8595313429832458
cab3dfa7962d,0.9289072155952454
cac40227d3b2,0.0036225628573447466
cac80797770f,0.0055361781269311905
cad5b1a82e60,0.9878843426704407
cadde4030858,0.0004428465908858925
cae33655ca00,0.0012024478055536747
cae51154e1ce,0.931575357913971
caec68f11c86,0.0066901762038469315
cb02bb47fdc5,0.006923405919224024
cb0cc98d7e35,0.010032381862401962
cb2201c226d6,0.0058741760440170765
cb28adab4e8a,0.7873183488845825
cb2f3c5d71a7,0.0005831934395246208
cb39761f0712,0.003086189739406109
cb547e723a16,0.02872331626713276
cb602182cde3,0.05407193675637245
cb68fce07789,5.701438203686848e-05
cb75210abebe,0.02092049829661846
cbc23af521f3,0.812340497970581
cbc2e57447c2,0.0013901138445362449
cbd0870aa933,0.5164767503738403
cbe633765ea7,0.9333888292312622
cbf0394039f8,0.9395927786827087
cc12453ea915,0.0001965650008060038
cc1eebed9276,0.7012629508972168
cc3d2e961768,0.3788909614086151
cc671a73e1cb,4.9481600399303716e-06
cc839823755b,0.01651698909699917
cc9270f06b65,0.003119372297078371
cc964bf04dbc,0.0040017468854784966
cca626a0e19a,0.05829650163650513
ccd34029493d,0.008033852092921734
ccd6dcb2f568,0.12429257482290268
ccea49708830,0.5207259058952332
cd01672507c9,0.040771763771772385
cd01f4f83336,0.0531642809510231
cd1c98ec48b1,0.006736947223544121
cd29c88c9e36,0.9776222705841064
cd314653a4d8,0.05039336159825325
cd3fd04d72f5,0.1511712521314621
cd45bfa07d41,0.021347036585211754
cd48cfab4e44,0.05171931907534599
cd4e7f9fa1a9,0.1716107875108719
cd54d022e37d,0.5240223407745361
cd563556cb57,0.03861183673143387
cd5714db652d,0.03265507146716118
cd66754e1b3b,0.8005459308624268
cd8da43e3069,0.000836433784570545
cd93a472e5cd,0.004918662831187248
cd941e5bc659,0.0068989098072052
cd972e5639e0,0.9723157286643982
cd9e2190c73f,0.00013329513603821397
ce207b69ff37,0.0033760748337954283
ce6f33a81ad5,0.00024568085791543126
ce754234d760,0.0013184400741010904
ce887b196c23,0.4404166042804718
ce8d2efd9d4f,0.002813589060679078
ceaa5803d780,0.14034709334373474
ceb32a193eff,0.0056849149987101555
ceb601fe8dba,0.8119514584541321
cec299c2a2d5,0.8734146356582642
cf0575534cec,0.0065644108690321445
cf0824f53dd9,0.027093008160591125
cf1b9d26d38d,0.007998166605830193
cf603a9ef2d5,0.06952100992202759
cf6551521a35,0.877006471157074
cf8ae5501bd6,0.0003671363811008632
cf8f1bc7a215,0.7020996809005737
cfb17a7cc8d4,0.020593056455254555
cfd1bd0fcbb4,0.2578601539134979
cfdbaef73a8b,0.0054873013868927956
cfed7c1172ec,0.024063751101493835
cff262ed8f4c,0.0009572966955602169
cffc50047828,0.9286579489707947
d0079cc188e9,0.05461564660072327
d02b79fc3200,3.323928831377998e-05
d035c2bd9104,0.005282671190798283
d06ccd0cf4b8,0.08508861064910889
d0926ed2c8e5,0.0014863619580864906
d0b132d2c7ec,0.01015633624047041
d0d59ed675b5,0.0005953633808530867
d0ffa0425ef1,0.7004797458648682
d10d315f123f,0.0417957529425621
d10ef306996b,0.15502889454364777
d141728fa392,0.0027786449063569307
d144144a2f3f,0.29479506611824036
d15ca3469b87,0.258544385433197
d160ebef4117,0.1367466300725937
d16398c971e9,0.11950718611478806
d16e39b9d6f0,0.8634805083274841
d16e59a2b33a,9.577598393661901e-05
d18aea8238a0,0.019451985135674477
d18b1d8ac4de,0.0005339645431376994
d18e5b68f6d2,0.0006105655920691788
d18f6431ebce,0.0071106948889791965
d1a24527a15d,0.0003593642031773925
d1a60c3b9fe5,0.4826939105987549
d1afdb8cf70d,7.23657722119242e-05
d1b279cc02ae,9.686651901574805e-05
d1ca85af57c9,7.541033846791834e-05
d1cad012a254,0.36757799983024597
d1cf31577a59,0.23221713304519653
d1f1ea894da1,0.00335348816588521
d1f7ea924a01,0.008372009731829166
d1fa0f744620,0.8610556125640869
d1fb4efb117c,0.08931918442249298
d25b8a8ad3c4,0.99469393491745
d264396d8d1a,0.004313770681619644
d26bb2ed6e71,0.9748518466949463
d26bc6e1230d,0.034225430339574814
d271d3a2b552,0.009372642263770103
d27ac9e54901,0.009403816424310207
d28bd830c171,0.054418060928583145
d2901144070c,0.0651564747095108
d29096bd94aa,0.047596413642168045
d29b37d110f3,0.8873087167739868
d2afca74cbc3,0.599827229976654
d2c2f02bb313,0.41248613595962524
d2c5fb82fe5f,0.4776553511619568
d2c6b99ef62c,0.03993944451212883
d2cd47ed2c1d,0.35883933305740356
d2d523e9f669,0.8058590888977051
d2dc86021c67,0.00033462292049080133
d2fb715b0c41,2.546164432715159e-05
d2ffe9287dc7,0.06222652271389961
d30d079e6f9a,7.398743036901578e-05
d332d7b8a26e,0.0018264123937115073
d364423ec6f9,0.0011368548730388284
d38cf0f4a9af,0.0068048108369112015
d39752cb6e57,6.814325752202421e-05
d3be5346684b,0.5785855650901794
d3d578fe433f,0.7952336668968201
d3de0d313d61,0.013348087668418884
d3dfd0a2dee6,0.18725530803203583
d3e56584a481,0.9867432117462158
d3e884109b45,0.035612259060144424
d41b33fcb94f,0.2946281433105469
d436c06f0490,0.011418106965720654
d4583e9525dc,0.927662193775177
d473f6fafba0,0.0368790440261364
d48178e4a49b,0.00014768009714316577
d4bc001f7224,0.8404392004013062
d4be0403e6ab,0.0028654972556978464
d4f32b9c07df,0.00626206723973155
d516f77d4516,0.35359179973602295
d51b3fe0fa1b,0.513782262802124
d51c2153d151,0.00012212229194119573
d51e5d7484ea,1.7278240193263628e-05
d567a1a22d33,0.4545997381210327
d56d32a1d62d,0.9926683902740479
d57d1be1bbd1,0.024481458589434624
d5a39339ff3d,7.037718751234934e-05
d5ad3362424c,0.1333678662776947
d5b4705ac2ee,6.158067844808102e-05
d5c63a8d9e94,0.002634919947013259
d6130f2ec903,0.22672061622142792
d6228d951958,0.040516335517168045
d6283ded6aea,0.36754611134529114
d659d7fd5ccf,0.8834739327430725
d667af5742f6,0.006453848443925381
d66b6f333dc7,0.5851470232009888
d66ccb75ada1,0.002362291095778346
d67374d3fa2a,0.0020863355603069067
d6803e467592,0.03210847079753876
d69698f838db,5.566929030464962e-05
d6b109c82067,0.0014662432949990034
d6dbb0820ea5,0.00042317944462411106
d6df4fe492ec,0.0004900030908174813
d6e26fe51dce,0.19577337801456451
d6f36ec5564a,0.936889111995697
d6f6bdfd8011,0.0004592102486640215
d7078e8b0349,0.55997633934021
d74ccc796517,0.008273924700915813
d774692d9919,7.521986844949424e-05
d78b7401096f,0.23948708176612854
d7a01fca9838,0.9387220740318298
d7ab5c040294,0.7749882340431213
d7ac4a0c9760,0.002134122885763645
d7bc00091cfc,2.4775114070507698e-05
d7bc62d60e8c,0.0006186069804243743
d7e5fe5245e0,0.12251400947570801
d801c0a66738,0.10439574718475342
d803598dabda,0.32083889842033386
d807c53c1399,5.25989307789132e-05
d81338217fc5,0.9729390144348145
d81b6ed83bc2,0.1511712521314621
d838d5b9f571,0.01663808710873127
d83c3efade75,0.004273135680705309
d83d0695e215,0.13618013262748718
d8404680bba6,0.7069120407104492
d844a7252f4e,0.029965434223413467
d85588ff2ebd,0.005142449866980314
d85a842d20bd,0.05075596272945404
d85d052900b4,0.0010699209524318576
d85ea1220a03,0.06023573875427246
d865997a6280,0.7735987901687622
d866c26d76f0,0.9820099472999573
d868acdccb5b,0.014669015072286129
d871895742b1,0.029053401201963425
d881c04f01fe,0.0009787019807845354
d88806d9ece9,0.8616514205932617
d88c4843aec3,2.627021422085818e-05
d8cdb7d7283a,0.02657109685242176
d8da9de62743,0.06701038032770157
d911dd40c63b,0.012875499203801155
d91273efb92a,0.29394420981407166
d91635f380b4,0.9948004484176636
d9311f7497cb,0.006093119271099567
d93b61dc8f64,0.0033527982886880636
d94e10f42861,0.04415063187479973
d952dbfb0fe4,0.17868785560131073
d95959798b57,0.045410916209220886
d968a983d4d2,0.9544803500175476
d97911a32918,0.027364429086446762
d990a3f0cbdb,0.5192103385925293
d994203deb64,0.521848738193512
d99b0f7dd9b9,0.0007725280011072755
d99dd99be001,0.0003199616330675781
d9a475dfe59a,0.045237891376018524
d9ad2a0ec026,0.46486881375312805
d9ba044671e1,0.0852268636226654
d9bbdc33db83,0.0006169494590722024
d9c9b9786da3,0.00030937575502321124
d9d2631f043c,0.024469468742609024
d9e58e4d8689,0.0011527033057063818
da0a1043abf7,0.46711602807044983
da0a83f074f3,0.9079736471176147
da1fb35f5df9,0.008624488487839699
da2bdf4236ac,0.9063935279846191
da3a2275c850,0.0003447073686402291
da44f80b422b,0.4992053508758545
da6389d129aa,0.3501826822757721
da6bbb76d562,0.69754558801651
da8900ac7f29,0.036153215914964676
da9262d9f5d9,0.007592128589749336
da949aa67a4f,0.3641434609889984
da9574d35b82,0.010822511278092861
da9fe02dead3,1.5639805496903136e-05
daad7b617f21,0.2243833690881729
dad71ba27a9b,0.2690420150756836
daeaa5d8cf70,0.02474854327738285
daff5427c9b2,0.7179147601127625
db3cd58aa315,0.10891062021255493
db49cdf1ea64,0.010455076582729816
db4ed1e07aa3,0.09819800406694412
db52626d450c,0.007905444130301476
db6207e62c7b,0.32377779483795166
db690e2d02f8,0.15614844858646393
dbb2c63f6f08,0.03719054535031319
dbd062558b81,0.00035082618705928326
dbee04ae6426,0.17754849791526794
dbfd238b3468,0.5643022060394287
dc0eea0b68a7,0.7202247977256775
dc0f6e5b489b,0.21180233359336853
dc3c0d8ee20b,0.016109146177768707
dc6fa1b38b83,0.037166498601436615
dcc6c0ad5cad,0.7390901446342468
dccdf750c962,0.0027716602198779583
dce73d90c00c,0.008886847645044327
dcf109df1a2b,0.29632073640823364
dd02d60bef14,0.7040907740592957
dd110d2b8c21,0.0036364237312227488
dd19428c3d29,0.0001798380835680291
dd285d9e97fe,1.789466114132665e-05
dd3176bacfe2,0.6899985074996948
dd3dad6ca78f,0.9007032513618469
dd90c321d7bc,0.9806777834892273
ddb222ff7c1d,0.06400333344936371
dde43aa22ae6,0.00030859073740430176
de16416220de,0.39789924025535583
de18071c36e6,0.6223362684249878
de2eb5c8aa83,0.6823370456695557
de38adaae009,0.026059767231345177
de4cdabbce6d,0.09296730905771255
de50dfa745f8,0.9857409596443176
de55ed25e0e8,0.0009485133341513574
de57c9e9fa93,0.9689050912857056
de6210f88536,0.0005508869653567672
de730033c683,0.8768180012702942
de778495a1cd,0.07890897244215012
dea7538bb91a,0.04526278004050255
dec5595e6154,4.724730388261378e-05
dee1031a76ae,0.020400995388627052
dee31065f8fe,0.0002899089304264635
dee687c6e88a,0.012418169528245926
df0886f1e76b,0.7505876421928406
df3adfd6ba36,0.896919310092926
df4913ca3712,0.513782262802124
df4aec4a0eaf,0.00734841451048851
df5ce3ea7820,0.1984960436820984
df6d13d04da1,3.8870311982464045e-05
df8365d6ac33,0.005906514823436737
df841a0440d8,0.5233567357063293
df84e7113003,0.08710300177335739
df9cb3729eb1,0.6267620325088501
dfc7ec7db0e0,2.1561116227530874e-05
dfea19863428,0.26581957936286926
e019b3e0f33d,0.049912046641111374
e01b7bac822b,0.00023702633916400373
e0313be77035,0.035790566354990005
e037643244b7,0.017420025542378426
e03a74e7d74f,0.9920156002044678
e03e70bc8bba,0.08616624772548676
e04f3c6619a3,0.000791820406448096
e067b06fd655,0.003385644406080246
e06cccc08c59,0.015924524515867233
e06d3d4733f0,0.021050656214356422
e07045d7c5f7,0.0006406428874470294
e0863b353093,0.033653464168310165
e087bd4b88f2,0.6164457201957703
e0b5a982a018,0.9522892236709595
e0d229db881a,0.00013327429769560695
e10190a9d52f,0.00011307188106002286
e12b67835e03,0.22029852867126465
e12d41e7b221,0.0012027033371850848
e12df54e0d1e,0.0004082767991349101
e12f9f19d1be,0.9140326976776123
e13412678eff,0.0036028889007866383
e135d7ba9a0e,2.7493471861816943e-05
e1418d28d668,0.9972261786460876
e150935f66a6,0.00024715979816392064
e160a3b19911,0.14130406081676483
e16af45285e5,0.0004542793321888894
e16fc934069f,0.4464333951473236
e17507a4a1f5,0.03339982405304909
e1900014dabf,0.518324077129364
e19936582c61,0.025192879140377045
e1ab92228e60,0.01936301402747631
e1b8acb1cea1,0.003891987493261695
e1c02f6c3362,0.15626311302185059
e1dc02a3dc2a,0.00010371724783908576
e1e490773462,0.057327430695295334
e1fb532f55df,0.9165682792663574
e2161692a0b4,0.6248523592948914
e2265c383348,0.035415321588516235
e229aca862c7,0.0007798556471243501
e23add229074,0.0028912301640957594
e246cd89e1cc,0.02164314314723015
e251bdf05b85,0.6923516392707825
e25ccfe38e44,0.018283458426594734
e265c870f9b3,0.38950294256210327
e26bcae6c67b,0.7116207480430603
e26d8718ca58,0.07498463988304138
e2856afe62c5,0.18307459354400635
e29e54ff921e,0.0004539644287433475
e2a233493b90,0.7303535342216492
e2a47a74e6e1,0.1988450437784195
e2c39ed0c941,0.000561167427804321
e2c3b037413b,0.0004677835386246443
e2ec22b3d07e,0.07447320222854614
e30a890600e1,0.043578434735536575
e31c42a8652b,0.8337438702583313
e322acd46152,0.2765101492404938
e32a359be36d,0.8863269686698914
e32dc722eca5,0.9934600591659546
e33766353db2,0.2474229633808136
e34fa07bd64d,0.19153259694576263
e387311a840e,0.23425325751304626
e38f3a65b02b,0.15210267901420593
e39b627cf648,0.007903252728283405
e3a7671f787b,0.04806550592184067
e3ab63dc9a60,0.004158942960202694
e3b47ed5b511,0.003162312088534236
e3cd96cb094c,0.6339804530143738
e3e490babc0c,0.004947631154209375
e3ec668f6fad,0.9986951947212219
e4151feb8443,0.0005772270378656685
e4210e7fe587,0.13875646889209747
e42d9a94a66d,0.003611435880884528
e4730ddde408,0.012296820059418678
e47452069ea1,0.08614561706781387
e47770a2e5d1,0.5032176971435547
e499434242cc,0.056438084691762924
e4a44f9158dc,5.3754782129544765e-05
e4ae1ee6aada,0.03380141034722328
e4b0df29b96f,0.14477472007274628
e4c799738a19,0.015599879436194897
e4d3d437b0a8,0.0007840307080186903
e4dcca36ceb4,0.0022897589951753616
e4e343eaae2a,0.0010769048240035772
e4f12411fd85,0.7230926752090454
e50b0174690d,0.0004323024768382311
e5197d77ec68,0.19287247955799103
e529c5757d64,0.8092731237411499
e52ed5c29c5e,0.9501921534538269
e540d2e35d15,0.17869265377521515
e55188915f9d,0.004579347558319569
e580676516b0,0.863386869430542
e582e56e7942,7.19366062185145e-06
e594c19e2e1d,0.00012222889927215874
e599151ca14b,0.07449286431074142
e59c5f345bb0,0.0004668901674449444
e5d56f4f359b,0.12281665205955505
e5de79795c1d,0.09553667157888412
e5f332efcbc7,0.6590801477432251
e5f73f2855c0,0.0012481344165280461
e60e4edb3ca9,9.889852663036436e-05
e62490b7d0e9,0.8644955158233643
e632e38fd2d4,0.2925378084182739
e6552b7432b3,0.0014907632721588016
e65a2ff90494,0.19031408429145813
e65f94ad9be3,0.6106485724449158
e663c6627a95,0.7925319075584412
e66855a5c583,2.4237615434685722e-05
e66ad813a508,0.0029467635322362185
e68746d426b2,0.02968318574130535
e68bdd36e589,0.005343884229660034
e69b48516577,0.8587353825569153
e6a58edc5b42,0.004678184166550636
e6a5e4718873,0.0001422353379894048
e6a6acf7fca1,0.3024824261665344
e6f0ce5bf282,0.0711534395813942
e724866f5084,0.12689460813999176
e7291472109b,1.0005035619542468e-05
e740af6ac6ea,0.5739216208457947
e756495c11cb,0.003487370675429702
e7578d8dba72,0.045438770204782486
e76a9cbb2a8c,0.25360429286956787
e77a93c3d9a9,0.0034772688522934914
e79e10907295,0.7284409403800964
e7a372a1c3a4,0.003853803500533104
e7a7187066ad,0.4404166042804718
e7b5dd5bab1f,0.000396208866732195
e7d2c2c3b30f,0.03620719537138939
e7defafeb957,0.00012145012442488223
e7fc93ac5b6d,0.00816398300230503
e811f39a1243,0.10488750040531158
e81f4a2fbbdc,0.0012148353271186352
e821c1b6417a,0.9981021285057068
e82232a3c28b,0.00024055088579189032
e83d315d8f98,0.8607003092765808
e85d410d6836,0.008057942613959312
e868c3da340b,0.8737115859985352
e893e86dde94,0.028046254068613052
e8d1c6c07cf2,0.003213872667402029
e8ddfc9709ce,0.00831542443484068
e8e44b3160e3,0.015347915701568127
e907d23cce3d,0.43331068754196167
e9129ce55fd7,0.6717647910118103
e9286ddf6ffe,0.04757159948348999
e933923aab15,6.886957999086007e-05
e93394175a19,0.12679064273834229
e96099b961b4,0.43580204248428345
e966850247f4,7.662745338166133e-05
e9678824215d,0.3033650815486908
e96bd80a8a53,0.0781308263540268
e97ecf4355cb,0.07844528555870056
e9ab8413e771,0.29268738627433777
e9ce5bf645ab,0.008892116136848927
e9f3c85a2a02,0.00039048620965331793
e9f82b5bbaf4,0.023984327912330627
e9faf0296643,0.004957858473062515
e9ff9352ccb3,0.002782459370791912
ea05c22d92e9,0.21798089146614075
ea15a290eb96,0.00021267798729240894
ea1d045f9fea,0.004907212685793638
ea4ce9516144,0.32031574845314026
ea4dcb055139,0.9724146723747253
ea588d1e5d96,0.08907133340835571
ea5c42a78979,9.700239752419293e-05
ea68b58a6e8f,0.007478184998035431
ea6a53e54d0f,0.012624409049749374
ea7e21bab610,0.00010039202607003972
ea9c41e1ced0,0.001277309493161738
ea9e0fb6fb0b,0.003743554698303342
eaa0dfbd5024,0.0676790326833725
eabc7c716255,0.033820874989032745
eabf421f94d0,0.005259709898382425
ead23cc922ed,0.9916161894798279
eadc57064154,0.18432900309562683
eadfc8809ec8,0.6122487187385559
eae70f527755,0.0053617088124156
eae901557a84,0.09643542021512985
eb050765b323,0.0005250550457276404
eb175669d789,0.31221461296081543
eb1ad14dd281,0.5551104545593262
eb1d37b71fd1,0.0006777966045774519
eb32a815f78c,0.9259219765663147
eb6b1f1c09db,0.01095285452902317
eba3acc42197,0.2748185396194458
ebd96d853918,0.012724337168037891
ebe0175e530c,0.030160339549183846
ebf4b22240f4,0.024454524740576744
ec01f0862669,0.0004047439433634281
ec0c9f817b03,0.009516510181128979
ec363f48867b,0.007480825297534466
ec4649213ccf,0.35235610604286194
ec57cc20d776,0.7857546806335449
ec6659926105,8.791013533482328e-05
ec6f1797a25a,0.0016537107294425368
ecad6845f630,0.010889864526689053
ecb4500285ed,0.5343722701072693
ed246ae1ed08,0.07443788647651672
ed2c06fcc573,0.00018489894864615053
ed2c52c14493,0.0002950234629679471
ed2ef440d22c,0.9342113733291626
ed3a0fc5b546,0.4678663909435272
ed3ce1674761,0.009141630493104458
ed648b9bcd95,0.584949791431427
ed6704e3b72e,0.013986006379127502
ed6bd9293a89,0.0019125965191051364
ed88faaa325a,0.5134806036949158
eda1d75cbcf0,0.0020747792441397905
eda29a9d78f3,8.452853762719315e-06
edceb0657d77,0.013554483652114868
ee02294cc3d9,0.02557951584458351
ee059945b08a,0.8557366728782654
ee1ec90b980f,0.017649024724960327
ee2c2a5f7d0e,0.04342145472764969
ee36ca728641,0.9203697443008423
ee3f5cf52188,0.9713024497032166
ee3fe7809e6a,0.965671181678772
ee6e39319b39,0.003890961641445756
ee74c3b177e0,0.9095867276191711
ee77763a6afb,0.08230199664831161
ee78ce914066,0.5261760950088501
eeaea2c5ff34,0.14583462476730347
eeb231c3ef1f,0.153202623128891
eebd1e195952,0.13222399353981018
eed4afc8ec83,0.0010310624493286014
eedae6b28f96,0.03962108865380287
ef247f28004f,0.5902518033981323
ef26625121b3,0.07883933931589127
ef4121e9bb67,0.0003512349503580481
ef476be214d4,0.742746889591217
ef48780f5d5f,0.0014942368725314736
ef5155990874,0.03521241620182991
ef7a4ed8d5d1,0.0017072667833417654
ef7eb85b75fc,0.004509848542511463
ef8109305128,0.9463145136833191
ef81cd8854cb,0.0029212809167802334
ef8c39eb9157,0.7634199261665344
ef99c499d665,0.0006933070835657418
efff2f1a35f5,0.002319745486602187
f002ce614c59,0.4809185564517975
f0098e9d4aee,0.4348506033420563
f00ce9b9d6f4,0.05075666680932045
f02057c41256,0.8936051726341248
f025f33b2c9b,0.13159649074077606
f0267c42907c,0.1761392056941986
f02956bd7c50,0.8409419059753418
f02babb3a023,0.0001194210271933116
f03d3c4ce7fb,0.01719159260392189
f0546a45ef10,6.889992801006883e-05
f066db7a2efe,0.01790141873061657
f06e7a9df795,0.41959476470947266
f0800723bc63,0.6309183239936829
f080a22008be,0.04176439344882965
f0860c21533b,0.3721828758716583
f092febbf5c0,0.02391604706645012
f09cfc6a4dbd,0.000105997511127498
f09fd9433dff,9.338045492768288e-05
f0a2dc580009,0.17327794432640076
f0c0f7b5e820,0.026500701904296875
f0c13be90519,0.468062162399292
f0e1201b5c1f,0.720028281211853
f0f89314e860,0.5526821613311768
f18abfa690ab,0.08664485812187195
f1979147aad4,0.042136259377002716
f1a761c68559,0.2910449206829071
f1d719c97838,4.0094696487358306e-06
f1dc26c4bfa3,0.7823837995529175
f2094a20b275,0.5483635067939758
f233638e0e90,0.3427463173866272
f23902998c21,0.003213872667402029
f252046c0fe6,0.019471708685159683
f26b02ead915,0.10832341015338898
f298b7d05958,0.0018484381726011634
f2c0b41acd05,0.9140017032623291
f2d2a0c92034,0.17218716442584991
f2ee81781411,0.9918131828308105
f2f569a64949,0.8946616649627686
f30f203ef51e,0.0007679262198507786
f35d80bb1a22,0.002641096245497465
f361060eda3e,0.003726188326254487
f366fb1cc475,0.001744782435707748
f36cb007a1ef,0.002936260774731636
f3a268d2726d,0.8135412931442261
f3a4751af42e,1.5315939890570007e-05
f3a88d3026dc,0.01165657490491867
f3b27ac2d371,0.00011072694906033576
f3b6b7ca1eb1,0.006963386200368404
f3bb996b45ce,0.0001711165241431445
f3cd489acbee,0.04905296862125397
f42b693a9414,0.07813773304224014
f431f2e119d7,0.1923084557056427
f451eee2b66b,0.002497758949175477
f45f1485c940,0.2135729342699051
f460608cf4cc,0.3387761414051056
f47a2a4a0411,0.0013089298736304045
f481f76a6b75,0.0007261919672600925
f48241b0c995,0.3541743755340576
f4874247ede6,0.002446575788781047
f4c7ae514c54,0.5981683135032654
f4d3169b468a,0.0001181195184472017
f4d3777f2710,0.07488670945167542
f4de9620e3f2,0.32293573021888733
f4df3d86688d,0.0012072301469743252
f4e68b61f480,0.2332751303911209
f4ea2a2cfbb9,0.006729564629495144
f531232ecb55,0.002449869178235531
f549294e12e1,0.013408761471509933
f55e1d2a19e4,0.017362920567393303
f5650eb52640,0.3397296965122223
f56ff0440ed1,0.050203923135995865
f5733f77273d,1.6434718418167904e-05
f576e45d1da2,0.00893960241228342
f57cf3b6f48e,0.9822032451629639
f580566e27f5,0.20919343829154968
f583a722434c,0.9857051372528076
f58cdfa968be,0.39752572774887085
f58d37d48e42,0.19495391845703125
f58f0b2fd718,0.0684991329908371
f5a8c6426a71,0.0173520278185606
f5c953bee7cd,0.008466714061796665
f5e6226bd2e0,0.07053808867931366
f5e9a307288c,0.7984141707420349
f61bf44c677c,0.10838627815246582
f62b8a076833,0.9825568795204163
f633c474e8b8,0.0008027359144762158
f64214bed40e,0.7486681938171387
f64b6e85f1c9,0.000490600592456758
f66c4ee86629,0.9453821182250977
f68690db78d3,0.9324468374252319
f69400b316a7,0.20456376671791077
f69835dc7c50,0.012742945924401283
f6d760566a51,0.0014409922296181321
f6f3ea0d2693,0.001220632460899651
f6f433f3306f,0.900680422782898
f6f7dba7104d,0.0064931465312838554
f7116e7b2f4e,0.0035292876418679953
f71333204618,0.804852306842804
f71aca5a7dc3,0.0954582691192627
f71bea807c96,0.0005910629988647997
f72adcac5638,0.9278436899185181
f72ef9ceeaa8,0.2738642692565918
f7508f14dd7b,0.9814198613166809
f762c272c522,0.0010855415603145957
f7735b6d47f7,0.005141232628375292
f7defe70afc3,0.4613686800003052
f7e9fa75c7c1,0.0006997418822720647
f7edc074f06b,0.01791440136730671
f7fec8935126,0.16237908601760864
f80118bbda18,0.6635270714759827
f819c65b803c,0.809654712677002
f8372e80f731,0.048736535012722015
f850cb51fdba,0.0017178677953779697
f85c78201a50,0.0006266810814850032
f85fd4fac887,0.5576896071434021
f86d1c404acb,0.009247141890227795
f8cf7ed8ef00,0.19702598452568054
f8d62557ad0c,0.1495208591222763
f8f5942b690e,0.02682577632367611
f8fc411092c7,0.13174815475940704
f901d460517c,0.1396360844373703
f90f8931a9bc,0.000725268037058413
f9156aeffc5e,0.9809238910675049
f91cfa82b9d4,0.7291402220726013
f920ccd926db,0.11580996215343475
f952ad2e4356,0.7808949947357178
f994a3b07935,0.1138884574174881
f999c6921e6d,0.03344094380736351
f9aa35187bf3,0.036164768040180206
f9d52509c571,0.0023040396627038717
f9d8ff3e6592,0.2568923830986023
f9e1c439d4c8,0.36508306860923767
f9e779a13204,0.2264028936624527
f9ecf1795804,0.054418060928583145
fa0c87bd75ce,0.7766053676605225
fa3e544a7401,0.031442202627658844
fa573163dd8b,0.003863249672576785
fa59221cf464,0.9031374454498291
fa6f3d8bb1d5,7.56841036491096e-05
fa748b57262b,0.0018252365989610553
fa7fa797c650,0.007912537083029747
fa9bece586fc,0.9235411882400513
fa9f1bc03f21,7.771258242428303e-05
fac399455195,0.09192035347223282
fb1b8771c70a,0.000564857735298574
fb61230b99dd,0.1835368573665619
fb696a8e055a,0.13997644186019897
fb6b8200b7f8,0.8761282563209534
fb767cea406c,0.9376428723335266
fb88783de055,0.04660073667764664
fb88d23fc5fe,0.01930125243961811
fba493e17448,0.0021722251549363136
fbcbc81cf9be,0.0006494079134427011
fbdc796290d4,0.00036138840368948877
fbfa925506f6,0.6936630606651306
fc1b1841eadf,0.46135658025741577
fc4c2d35c6f8,0.010185952298343182
fc4d69128e7c,0.467799574136734
fc603cbedb41,0.17736035585403442
fc782722a50c,0.0007397495210170746
fc898dfeb24f,0.9578491449356079
fc8fce67fbf8,0.9273954629898071
fca1a8738b8a,0.0068527702242136
fca931da5c5e,0.0011416885536164045
fcc32dffd24d,0.0021087564527988434
fcc55ae641ae,0.03718554973602295
fcc6aa6755e6,0.43179428577423096
fce73678f650,0.9969128370285034
fce93caa4758,0.01877688430249691
fd079d2e93a2,8.892510231817141e-05
fd0a70082e7c,0.0015269744908437133
fd48cf452e9d,0.8446205854415894
fd4c946c52bf,0.02606944367289543
fd62bd0db4f1,0.013107151724398136
fd87b6b2e664,0.0076994639821350574
fda39982a810,0.061298564076423645
fdbc252813b1,0.3867644965648651
fdc685055659,0.0011691894615069032
fdd18ccbbdc5,0.8136022686958313
fdd534271f3d,0.07002755254507065
fe06dad6851c,0.9528831839561462
fe0e2dee1834,0.035156168043613434
fe0fc67c7980,0.6575049161911011
fe2df69676cf,0.008607934229075909
fe37f4492920,0.015372421592473984
fe3b0e50be78,0.0015029343776404858
fe3f62695b2d,0.021410441026091576
fe674c2f73f5,0.09571360051631927
fea14b3d44b0,0.45470595359802246
febfb20dc311,0.0008950483752414584
fecf4c5ae84b,0.16999168694019318
fed5bb685832,0.0012308049481362104
fefded6bf135,0.10356635600328445
ff03f74667df,0.9765474200248718
ff0740cb484a,0.06202465295791626
ff1e940105f9,0.6625770926475525
ff344e5c9341,0.1508752703666687
ff4832d55461,0.14945261180400848
ff4955e76894,0.006422851234674454
ff4cd992667b,0.699934720993042
ff52392372d3,0.2910449206829071
ff59d44a70a7,0.0017260924214497209
ff631653374e,0.00029674681718461215
ff77e8e5b5f3,0.33383527398109436
ff8a0b45c789,0.0322493277490139
ffa47f6a7bf4,0.015921520069241524
ffc04fed30e6,0.8459491729736328
ffcf7b45f213,0.6679326295852661
ffd97f8cd5aa,0.0012789844768121839
ffec9a18a3ce,0.9462950229644775
